USE caloriedb;
DROP TABLE appusers;
DROP TABLE calorieinfo;
DROP TABLE foodhistory;

CREATE TABLE AppUsers
(userID int PRIMARY KEY AUTO_INCREMENT,
username VARCHAR(255) NOT NULL,
password VARCHAR(255) NOT NULL,
age smallint,
weight int,
height int,
goalWeight int
);

CREATE TABLE CalorieInfo
(itemID int PRIMARY KEY,
foodName VARCHAR(255) NOT NULL,
calorie int NOT NULL
);

CREATE TABLE FoodHistory
(itemID int,
userID int,
quantity int NOT NULL,
dateInfo date
);

INSERT INTO AppUsers VALUES
(1, 'Mason1', 'e6c3da5b206634d7f3f3586d747ffdb36b5c675757b380c6a5fe5c570c714349', 29, 241, 181, 204),
(2, 'Trott2', '1ba3d16e9881959f8c9a9762854f72c6e6321cdd44358a10a4e939033117eab9', 20, 165, 151, 152),
(3, 'Nalty3', '3acb59306ef6e660cf832d1d34c4fba3d88d616f0bb5c2a9e0f82d18ef6fc167', 25, 219, 200, 184),
(4, 'Zafar4', 'a417b5dc3d06d15d91c6687e27fc1705ebc56b3b2d813abe03066e5643fe4e74', 28, 199, 197, 170),
(5, 'Ochoa5', '0eeac8171768d0cdef3a20fee6db4362d019c91e10662a6b55186336e1a42778', 29, 217, 186, 192),
(6, 'Mason6', '5c4950c94a3461441c356afa783f76b83b38fd65f730f291403efbcc798acc1f', 25, 190, 154, 177),
(7, 'Reily7', '1526f5e0e31d42fe1c3664ce923ac22ac1333417a90b32043797ac454cd03112', 24, 156, 151, 119),
(8, 'Nalty8', 'c8fea5b0b76dc690feaf5544749f99b40e78e2a37c0e867a086696509416302a', 23, 228, 186, 200),
(9, 'Mason9', '2d4589473fb3f4581d7452cd25182159d68d2a50056a0cce35a529b010e32f2b', 22, 222, 174, 205),
(10, 'Hills10', 'b35892cb8b089e03e4420b94df688122a2b76d4ad0f8b94ad20808bb029e48a5', 20, 215, 151, 188);

INSERT INTO CalorieInfo VALUES
(100, 'Apples', 20),
(101, 'Pretzels', 300),
(102, 'Ham Sandwich', 300),
(103, 'Apple Pie', 500),
(104, 'Burger', 540),
(105, 'Bananas', 20),
(106, 'Pasta', 320),
(107, 'Mocha Latte', 60),
(108, 'Coffee', 0),
(109, 'Kitkat', 210);

INSERT INTO FoodHistory VALUES
(107, 1, 2, '2021-10-30 16:22:34.774653'),
(109, 1, 2, '2021-10-30 16:22:34.774653'),
(104, 1, 1, '2021-10-30 16:22:34.774653'),
(100, 1, 2, '2021-10-30 16:22:34.774653'),
(107, 1, 2, '2021-10-30 16:22:34.774653'),
(100, 1, 2, '2021-10-30 16:22:34.774653'),
(107, 1, 1, '2021-10-30 16:22:34.774653'),
(109, 1, 2, '2021-10-30 16:22:34.774653'),
(103, 2, 1, '2021-10-30 16:22:34.774653'),
(101, 2, 1, '2021-10-30 16:22:34.774653'),
(109, 2, 1, '2021-10-30 16:22:34.774653'),
(109, 2, 2, '2021-10-30 16:22:34.774653'),
(104, 2, 2, '2021-10-30 16:22:34.774653'),
(100, 3, 2, '2021-10-30 16:22:34.774653'),
(104, 3, 1, '2021-10-30 16:22:34.774653'),
(103, 3, 1, '2021-10-30 16:22:34.774653'),
(101, 3, 2, '2021-10-30 16:22:34.774653'),
(100, 3, 2, '2021-10-30 16:22:34.774653'),
(102, 3, 1, '2021-10-30 16:22:34.774653'),
(101, 3, 1, '2021-10-30 16:22:34.774653'),
(101, 4, 1, '2021-10-30 16:22:34.774653'),
(106, 4, 2, '2021-10-30 16:22:34.774653'),
(104, 4, 1, '2021-10-30 16:22:34.774653'),
(107, 4, 1, '2021-10-30 16:22:34.774653'),
(105, 4, 1, '2021-10-30 16:22:34.774653'),
(109, 4, 1, '2021-10-30 16:22:34.774653'),
(106, 4, 1, '2021-10-30 16:22:34.774653'),
(108, 5, 1, '2021-10-30 16:22:34.774653'),
(101, 5, 1, '2021-10-30 16:22:34.774653'),
(103, 5, 1, '2021-10-30 16:22:34.774653'),
(106, 5, 2, '2021-10-30 16:22:34.774653'),
(108, 5, 1, '2021-10-30 16:22:34.774653'),
(105, 5, 2, '2021-10-30 16:22:34.774653'),
(109, 5, 1, '2021-10-30 16:22:34.774653'),
(108, 5, 2, '2021-10-30 16:22:34.774653'),
(107, 5, 2, '2021-10-30 16:22:34.774653'),
(103, 5, 1, '2021-10-30 16:22:34.774653'),
(101, 5, 1, '2021-10-30 16:22:34.774653'),
(105, 6, 2, '2021-10-30 16:22:34.774653'),
(101, 6, 1, '2021-10-30 16:22:34.774653'),
(102, 6, 2, '2021-10-30 16:22:34.774653'),
(107, 6, 2, '2021-10-30 16:22:34.774653'),
(109, 6, 1, '2021-10-30 16:22:34.774653'),
(100, 6, 2, '2021-10-30 16:22:34.774653'),
(103, 6, 2, '2021-10-30 16:22:34.774653'),
(102, 7, 2, '2021-10-30 16:22:34.774653'),
(100, 7, 1, '2021-10-30 16:22:34.774653'),
(101, 7, 2, '2021-10-30 16:22:34.774653'),
(108, 7, 1, '2021-10-30 16:22:34.774653'),
(106, 7, 2, '2021-10-30 16:22:34.774653'),
(101, 7, 1, '2021-10-30 16:22:34.774653'),
(109, 7, 1, '2021-10-30 16:22:34.774653'),
(104, 8, 2, '2021-10-30 16:22:34.774653'),
(103, 8, 2, '2021-10-30 16:22:34.774653'),
(104, 9, 2, '2021-10-30 16:22:34.774653'),
(109, 9, 2, '2021-10-30 16:22:34.774653'),
(106, 9, 1, '2021-10-30 16:22:34.774653'),
(109, 9, 2, '2021-10-30 16:22:34.774653'),
(109, 9, 1, '2021-10-30 16:22:34.774653'),
(103, 9, 2, '2021-10-30 16:22:34.774653'),
(102, 10, 1, '2021-10-30 16:22:34.774653'),
(101, 10, 2, '2021-10-30 16:22:34.774653'),
(100, 10, 2, '2021-10-30 16:22:34.774653'),
(106, 10, 2, '2021-10-30 16:22:34.774653'),
(106, 10, 2, '2021-10-30 16:22:34.774653'),
(103, 1, 2, '2021-10-31 16:22:34.775654'),
(109, 1, 2, '2021-10-31 16:22:34.775654'),
(103, 1, 2, '2021-10-31 16:22:34.775654'),
(106, 2, 2, '2021-10-31 16:22:34.775654'),
(108, 2, 2, '2021-10-31 16:22:34.775654'),
(104, 2, 1, '2021-10-31 16:22:34.775654'),
(104, 2, 2, '2021-10-31 16:22:34.775654'),
(105, 2, 1, '2021-10-31 16:22:34.775654'),
(106, 2, 1, '2021-10-31 16:22:34.775654'),
(106, 3, 1, '2021-10-31 16:22:34.775654'),
(108, 3, 1, '2021-10-31 16:22:34.775654'),
(108, 3, 2, '2021-10-31 16:22:34.775654'),
(101, 3, 1, '2021-10-31 16:22:34.775654'),
(100, 3, 2, '2021-10-31 16:22:34.775654'),
(104, 3, 1, '2021-10-31 16:22:34.775654'),
(102, 3, 1, '2021-10-31 16:22:34.775654'),
(102, 3, 1, '2021-10-31 16:22:34.775654'),
(105, 3, 2, '2021-10-31 16:22:34.775654'),
(100, 3, 1, '2021-10-31 16:22:34.775654'),
(109, 3, 2, '2021-10-31 16:22:34.775654'),
(109, 4, 1, '2021-10-31 16:22:34.775654'),
(108, 4, 1, '2021-10-31 16:22:34.775654'),
(102, 4, 2, '2021-10-31 16:22:34.775654'),
(109, 4, 2, '2021-10-31 16:22:34.775654'),
(101, 4, 1, '2021-10-31 16:22:34.775654'),
(104, 4, 1, '2021-10-31 16:22:34.775654'),
(107, 4, 1, '2021-10-31 16:22:34.775654'),
(105, 4, 1, '2021-10-31 16:22:34.775654'),
(101, 4, 1, '2021-10-31 16:22:34.775654'),
(101, 4, 1, '2021-10-31 16:22:34.775654'),
(102, 5, 2, '2021-10-31 16:22:34.775654'),
(100, 5, 1, '2021-10-31 16:22:34.775654'),
(109, 5, 1, '2021-10-31 16:22:34.775654'),
(101, 5, 1, '2021-10-31 16:22:34.775654'),
(107, 5, 1, '2021-10-31 16:22:34.775654'),
(104, 5, 2, '2021-10-31 16:22:34.775654'),
(103, 6, 1, '2021-10-31 16:22:34.775654'),
(106, 6, 2, '2021-10-31 16:22:34.775654'),
(104, 6, 1, '2021-10-31 16:22:34.775654'),
(101, 7, 1, '2021-10-31 16:22:34.775654'),
(100, 7, 1, '2021-10-31 16:22:34.775654'),
(104, 7, 2, '2021-10-31 16:22:34.775654'),
(107, 7, 2, '2021-10-31 16:22:34.775654'),
(103, 7, 1, '2021-10-31 16:22:34.775654'),
(103, 7, 1, '2021-10-31 16:22:34.775654'),
(103, 8, 2, '2021-10-31 16:22:34.775654'),
(101, 8, 1, '2021-10-31 16:22:34.775654'),
(106, 8, 1, '2021-10-31 16:22:34.775654'),
(100, 8, 2, '2021-10-31 16:22:34.775654'),
(101, 8, 2, '2021-10-31 16:22:34.775654'),
(100, 9, 2, '2021-10-31 16:22:34.775654'),
(104, 9, 1, '2021-10-31 16:22:34.775654'),
(104, 9, 1, '2021-10-31 16:22:34.775654'),
(100, 9, 2, '2021-10-31 16:22:34.775654'),
(102, 9, 1, '2021-10-31 16:22:34.775654'),
(100, 9, 2, '2021-10-31 16:22:34.775654'),
(106, 9, 1, '2021-10-31 16:22:34.775654'),
(102, 9, 1, '2021-10-31 16:22:34.775654'),
(108, 9, 1, '2021-10-31 16:22:34.775654'),
(103, 9, 1, '2021-10-31 16:22:34.775654'),
(105, 10, 2, '2021-10-31 16:22:34.775654'),
(106, 10, 2, '2021-10-31 16:22:34.775654'),
(109, 10, 1, '2021-10-31 16:22:34.775654'),
(101, 10, 1, '2021-10-31 16:22:34.775654'),
(105, 10, 2, '2021-10-31 16:22:34.775654'),
(106, 10, 1, '2021-10-31 16:22:34.775654'),
(100, 10, 2, '2021-10-31 16:22:34.775654'),
(107, 10, 1, '2021-10-31 16:22:34.775654'),
(106, 10, 2, '2021-10-31 16:22:34.775654'),
(101, 10, 1, '2021-10-31 16:22:34.775654'),
(108, 1, 1, '2021-11-01 16:22:34.775654'),
(107, 1, 2, '2021-11-01 16:22:34.775654'),
(107, 1, 1, '2021-11-01 16:22:34.775654'),
(105, 1, 1, '2021-11-01 16:22:34.775654'),
(102, 1, 1, '2021-11-01 16:22:34.775654'),
(108, 1, 1, '2021-11-01 16:22:34.775654'),
(106, 1, 2, '2021-11-01 16:22:34.775654'),
(104, 1, 2, '2021-11-01 16:22:34.775654'),
(100, 1, 2, '2021-11-01 16:22:34.775654'),
(108, 1, 2, '2021-11-01 16:22:34.775654'),
(103, 1, 1, '2021-11-01 16:22:34.775654'),
(108, 2, 1, '2021-11-01 16:22:34.775654'),
(103, 2, 2, '2021-11-01 16:22:34.775654'),
(102, 2, 2, '2021-11-01 16:22:34.775654'),
(105, 2, 1, '2021-11-01 16:22:34.775654'),
(101, 2, 1, '2021-11-01 16:22:34.775654'),
(101, 2, 1, '2021-11-01 16:22:34.775654'),
(107, 3, 2, '2021-11-01 16:22:34.775654'),
(107, 3, 2, '2021-11-01 16:22:34.775654'),
(101, 3, 2, '2021-11-01 16:22:34.775654'),
(103, 3, 2, '2021-11-01 16:22:34.775654'),
(104, 4, 1, '2021-11-01 16:22:34.775654'),
(100, 4, 2, '2021-11-01 16:22:34.775654'),
(106, 4, 1, '2021-11-01 16:22:34.775654'),
(101, 4, 1, '2021-11-01 16:22:34.775654'),
(109, 4, 2, '2021-11-01 16:22:34.775654'),
(101, 4, 2, '2021-11-01 16:22:34.775654'),
(103, 4, 2, '2021-11-01 16:22:34.775654'),
(107, 5, 1, '2021-11-01 16:22:34.775654'),
(105, 5, 1, '2021-11-01 16:22:34.775654'),
(107, 5, 2, '2021-11-01 16:22:34.775654'),
(103, 5, 2, '2021-11-01 16:22:34.775654'),
(109, 5, 1, '2021-11-01 16:22:34.775654'),
(107, 5, 1, '2021-11-01 16:22:34.775654'),
(102, 5, 1, '2021-11-01 16:22:34.775654'),
(106, 5, 2, '2021-11-01 16:22:34.775654'),
(106, 6, 1, '2021-11-01 16:22:34.775654'),
(106, 6, 2, '2021-11-01 16:22:34.775654'),
(104, 6, 2, '2021-11-01 16:22:34.775654'),
(108, 6, 2, '2021-11-01 16:22:34.775654'),
(102, 6, 2, '2021-11-01 16:22:34.775654'),
(108, 7, 2, '2021-11-01 16:22:34.775654'),
(101, 7, 1, '2021-11-01 16:22:34.775654'),
(105, 7, 1, '2021-11-01 16:22:34.775654'),
(107, 7, 1, '2021-11-01 16:22:34.775654'),
(109, 7, 2, '2021-11-01 16:22:34.775654'),
(109, 7, 2, '2021-11-01 16:22:34.775654'),
(105, 7, 1, '2021-11-01 16:22:34.775654'),
(101, 7, 2, '2021-11-01 16:22:34.775654'),
(106, 8, 1, '2021-11-01 16:22:34.775654'),
(101, 8, 2, '2021-11-01 16:22:34.775654'),
(103, 8, 1, '2021-11-01 16:22:34.775654'),
(104, 8, 2, '2021-11-01 16:22:34.775654'),
(103, 9, 2, '2021-11-01 16:22:34.775654'),
(100, 9, 2, '2021-11-01 16:22:34.775654'),
(105, 9, 2, '2021-11-01 16:22:34.775654'),
(105, 9, 1, '2021-11-01 16:22:34.775654'),
(100, 9, 2, '2021-11-01 16:22:34.775654'),
(108, 9, 1, '2021-11-01 16:22:34.775654'),
(107, 9, 2, '2021-11-01 16:22:34.775654'),
(100, 9, 2, '2021-11-01 16:22:34.775654'),
(102, 9, 1, '2021-11-01 16:22:34.775654'),
(101, 9, 2, '2021-11-01 16:22:34.775654'),
(102, 10, 1, '2021-11-01 16:22:34.775654'),
(102, 10, 1, '2021-11-01 16:22:34.775654'),
(102, 10, 2, '2021-11-01 16:22:34.775654'),
(106, 10, 1, '2021-11-01 16:22:34.775654'),
(103, 10, 1, '2021-11-01 16:22:34.775654'),
(105, 1, 2, '2021-11-02 16:22:34.776652'),
(105, 1, 2, '2021-11-02 16:22:34.776652'),
(101, 1, 2, '2021-11-02 16:22:34.776652'),
(107, 1, 1, '2021-11-02 16:22:34.776652'),
(100, 1, 2, '2021-11-02 16:22:34.776652'),
(105, 1, 1, '2021-11-02 16:22:34.776652'),
(102, 1, 2, '2021-11-02 16:22:34.776652'),
(103, 1, 2, '2021-11-02 16:22:34.776652'),
(108, 2, 2, '2021-11-02 16:22:34.776652'),
(104, 2, 1, '2021-11-02 16:22:34.776652'),
(106, 2, 2, '2021-11-02 16:22:34.776652'),
(100, 2, 1, '2021-11-02 16:22:34.776652'),
(107, 2, 1, '2021-11-02 16:22:34.776652'),
(100, 2, 2, '2021-11-02 16:22:34.776652'),
(109, 2, 1, '2021-11-02 16:22:34.776652'),
(102, 2, 2, '2021-11-02 16:22:34.776652'),
(100, 3, 2, '2021-11-02 16:22:34.776652'),
(109, 3, 1, '2021-11-02 16:22:34.776652'),
(107, 3, 2, '2021-11-02 16:22:34.776652'),
(100, 3, 2, '2021-11-02 16:22:34.776652'),
(107, 3, 1, '2021-11-02 16:22:34.776652'),
(101, 3, 2, '2021-11-02 16:22:34.776652'),
(105, 3, 2, '2021-11-02 16:22:34.776652'),
(109, 3, 1, '2021-11-02 16:22:34.776652'),
(109, 3, 2, '2021-11-02 16:22:34.776652'),
(105, 3, 1, '2021-11-02 16:22:34.776652'),
(101, 3, 1, '2021-11-02 16:22:34.776652'),
(102, 3, 2, '2021-11-02 16:22:34.776652'),
(109, 4, 1, '2021-11-02 16:22:34.776652'),
(107, 4, 1, '2021-11-02 16:22:34.776652'),
(107, 4, 1, '2021-11-02 16:22:34.776652'),
(104, 4, 2, '2021-11-02 16:22:34.776652'),
(106, 4, 2, '2021-11-02 16:22:34.776652'),
(106, 5, 1, '2021-11-02 16:22:34.776652'),
(102, 5, 1, '2021-11-02 16:22:34.776652'),
(103, 5, 1, '2021-11-02 16:22:34.776652'),
(105, 5, 2, '2021-11-02 16:22:34.776652'),
(108, 5, 2, '2021-11-02 16:22:34.776652'),
(100, 5, 2, '2021-11-02 16:22:34.776652'),
(109, 5, 1, '2021-11-02 16:22:34.776652'),
(107, 5, 2, '2021-11-02 16:22:34.776652'),
(102, 5, 2, '2021-11-02 16:22:34.776652'),
(104, 6, 2, '2021-11-02 16:22:34.776652'),
(108, 6, 2, '2021-11-02 16:22:34.776652'),
(105, 6, 2, '2021-11-02 16:22:34.776652'),
(100, 6, 2, '2021-11-02 16:22:34.776652'),
(101, 6, 1, '2021-11-02 16:22:34.776652'),
(103, 6, 1, '2021-11-02 16:22:34.776652'),
(103, 6, 2, '2021-11-02 16:22:34.776652'),
(101, 7, 1, '2021-11-02 16:22:34.776652'),
(106, 7, 2, '2021-11-02 16:22:34.776652'),
(108, 7, 2, '2021-11-02 16:22:34.776652'),
(100, 7, 2, '2021-11-02 16:22:34.776652'),
(107, 7, 1, '2021-11-02 16:22:34.776652'),
(107, 7, 2, '2021-11-02 16:22:34.776652'),
(102, 7, 1, '2021-11-02 16:22:34.776652'),
(102, 7, 1, '2021-11-02 16:22:34.776652'),
(102, 7, 1, '2021-11-02 16:22:34.776652'),
(107, 8, 1, '2021-11-02 16:22:34.776652'),
(106, 8, 2, '2021-11-02 16:22:34.776652'),
(107, 8, 1, '2021-11-02 16:22:34.776652'),
(100, 8, 1, '2021-11-02 16:22:34.776652'),
(104, 8, 1, '2021-11-02 16:22:34.776652'),
(102, 8, 1, '2021-11-02 16:22:34.776652'),
(108, 8, 1, '2021-11-02 16:22:34.776652'),
(108, 8, 1, '2021-11-02 16:22:34.776652'),
(107, 8, 1, '2021-11-02 16:22:34.776652'),
(109, 8, 1, '2021-11-02 16:22:34.776652'),
(101, 8, 2, '2021-11-02 16:22:34.776652'),
(106, 9, 1, '2021-11-02 16:22:34.776652'),
(102, 9, 1, '2021-11-02 16:22:34.776652'),
(105, 9, 1, '2021-11-02 16:22:34.776652'),
(106, 9, 2, '2021-11-02 16:22:34.776652'),
(105, 9, 1, '2021-11-02 16:22:34.776652'),
(109, 9, 2, '2021-11-02 16:22:34.776652'),
(106, 9, 1, '2021-11-02 16:22:34.776652'),
(103, 9, 2, '2021-11-02 16:22:34.776652'),
(101, 10, 1, '2021-11-02 16:22:34.776652'),
(109, 10, 2, '2021-11-02 16:22:34.776652'),
(109, 10, 2, '2021-11-02 16:22:34.776652'),
(105, 10, 1, '2021-11-02 16:22:34.776652'),
(108, 10, 1, '2021-11-02 16:22:34.776652'),
(105, 10, 1, '2021-11-02 16:22:34.776652'),
(104, 10, 1, '2021-11-02 16:22:34.776652'),
(104, 10, 2, '2021-11-02 16:22:34.776652'),
(104, 1, 2, '2021-11-03 16:22:34.777653'),
(104, 1, 1, '2021-11-03 16:22:34.777653'),
(100, 2, 1, '2021-11-03 16:22:34.777653'),
(101, 2, 1, '2021-11-03 16:22:34.777653'),
(109, 2, 2, '2021-11-03 16:22:34.777653'),
(103, 2, 1, '2021-11-03 16:22:34.777653'),
(106, 2, 1, '2021-11-03 16:22:34.777653'),
(108, 2, 1, '2021-11-03 16:22:34.777653'),
(109, 2, 1, '2021-11-03 16:22:34.777653'),
(102, 2, 1, '2021-11-03 16:22:34.777653'),
(101, 2, 2, '2021-11-03 16:22:34.777653'),
(105, 3, 2, '2021-11-03 16:22:34.777653'),
(102, 3, 2, '2021-11-03 16:22:34.777653'),
(100, 3, 1, '2021-11-03 16:22:34.777653'),
(101, 3, 2, '2021-11-03 16:22:34.777653'),
(101, 3, 1, '2021-11-03 16:22:34.777653'),
(101, 3, 1, '2021-11-03 16:22:34.777653'),
(109, 3, 2, '2021-11-03 16:22:34.777653'),
(105, 4, 1, '2021-11-03 16:22:34.777653'),
(101, 4, 1, '2021-11-03 16:22:34.777653'),
(109, 4, 1, '2021-11-03 16:22:34.777653'),
(106, 4, 1, '2021-11-03 16:22:34.777653'),
(108, 4, 2, '2021-11-03 16:22:34.777653'),
(105, 4, 2, '2021-11-03 16:22:34.777653'),
(105, 4, 2, '2021-11-03 16:22:34.777653'),
(103, 4, 2, '2021-11-03 16:22:34.777653'),
(104, 4, 2, '2021-11-03 16:22:34.777653'),
(107, 5, 2, '2021-11-03 16:22:34.777653'),
(104, 5, 2, '2021-11-03 16:22:34.777653'),
(101, 5, 1, '2021-11-03 16:22:34.777653'),
(100, 5, 1, '2021-11-03 16:22:34.777653'),
(102, 5, 2, '2021-11-03 16:22:34.777653'),
(102, 6, 2, '2021-11-03 16:22:34.777653'),
(100, 6, 2, '2021-11-03 16:22:34.777653'),
(100, 6, 1, '2021-11-03 16:22:34.777653'),
(105, 6, 2, '2021-11-03 16:22:34.777653'),
(103, 6, 2, '2021-11-03 16:22:34.777653'),
(104, 6, 1, '2021-11-03 16:22:34.777653'),
(106, 7, 1, '2021-11-03 16:22:34.777653'),
(108, 7, 1, '2021-11-03 16:22:34.777653'),
(102, 7, 2, '2021-11-03 16:22:34.777653'),
(105, 7, 2, '2021-11-03 16:22:34.777653'),
(107, 7, 1, '2021-11-03 16:22:34.777653'),
(108, 7, 1, '2021-11-03 16:22:34.777653'),
(103, 7, 1, '2021-11-03 16:22:34.777653'),
(105, 7, 2, '2021-11-03 16:22:34.777653'),
(103, 7, 1, '2021-11-03 16:22:34.777653'),
(109, 7, 2, '2021-11-03 16:22:34.777653'),
(107, 8, 2, '2021-11-03 16:22:34.777653'),
(100, 8, 1, '2021-11-03 16:22:34.777653'),
(102, 8, 2, '2021-11-03 16:22:34.777653'),
(101, 8, 1, '2021-11-03 16:22:34.777653'),
(105, 8, 2, '2021-11-03 16:22:34.777653'),
(105, 8, 2, '2021-11-03 16:22:34.777653'),
(105, 8, 1, '2021-11-03 16:22:34.777653'),
(102, 8, 2, '2021-11-03 16:22:34.777653'),
(107, 8, 2, '2021-11-03 16:22:34.777653'),
(100, 9, 2, '2021-11-03 16:22:34.777653'),
(105, 9, 1, '2021-11-03 16:22:34.777653'),
(103, 9, 1, '2021-11-03 16:22:34.777653'),
(108, 9, 2, '2021-11-03 16:22:34.777653'),
(103, 9, 2, '2021-11-03 16:22:34.777653'),
(101, 9, 1, '2021-11-03 16:22:34.777653'),
(102, 9, 2, '2021-11-03 16:22:34.777653'),
(101, 10, 2, '2021-11-03 16:22:34.777653'),
(108, 10, 2, '2021-11-03 16:22:34.777653'),
(105, 10, 1, '2021-11-03 16:22:34.777653'),
(101, 10, 1, '2021-11-03 16:22:34.777653'),
(107, 10, 1, '2021-11-03 16:22:34.777653'),
(103, 10, 2, '2021-11-03 16:22:34.777653'),
(107, 10, 2, '2021-11-03 16:22:34.777653'),
(107, 10, 1, '2021-11-03 16:22:34.777653'),
(108, 1, 2, '2021-11-04 16:22:34.777653'),
(108, 1, 1, '2021-11-04 16:22:34.777653'),
(103, 1, 2, '2021-11-04 16:22:34.777653'),
(102, 1, 1, '2021-11-04 16:22:34.777653'),
(104, 1, 1, '2021-11-04 16:22:34.777653'),
(100, 1, 2, '2021-11-04 16:22:34.777653'),
(102, 1, 1, '2021-11-04 16:22:34.777653'),
(103, 2, 2, '2021-11-04 16:22:34.777653'),
(109, 2, 2, '2021-11-04 16:22:34.777653'),
(108, 2, 1, '2021-11-04 16:22:34.777653'),
(108, 2, 1, '2021-11-04 16:22:34.777653'),
(105, 2, 1, '2021-11-04 16:22:34.777653'),
(107, 2, 2, '2021-11-04 16:22:34.777653'),
(102, 2, 2, '2021-11-04 16:22:34.777653'),
(101, 3, 1, '2021-11-04 16:22:34.777653'),
(101, 3, 2, '2021-11-04 16:22:34.777653'),
(108, 3, 1, '2021-11-04 16:22:34.777653'),
(104, 3, 2, '2021-11-04 16:22:34.777653'),
(100, 3, 2, '2021-11-04 16:22:34.777653'),
(107, 3, 1, '2021-11-04 16:22:34.777653'),
(105, 3, 1, '2021-11-04 16:22:34.777653'),
(108, 3, 2, '2021-11-04 16:22:34.777653'),
(107, 3, 1, '2021-11-04 16:22:34.777653'),
(102, 3, 1, '2021-11-04 16:22:34.777653'),
(100, 4, 1, '2021-11-04 16:22:34.777653'),
(100, 4, 2, '2021-11-04 16:22:34.777653'),
(103, 4, 2, '2021-11-04 16:22:34.777653'),
(104, 4, 1, '2021-11-04 16:22:34.777653'),
(104, 4, 2, '2021-11-04 16:22:34.777653'),
(109, 5, 1, '2021-11-04 16:22:34.777653'),
(100, 5, 1, '2021-11-04 16:22:34.777653'),
(108, 5, 2, '2021-11-04 16:22:34.777653'),
(101, 5, 1, '2021-11-04 16:22:34.777653'),
(101, 5, 2, '2021-11-04 16:22:34.777653'),
(105, 5, 2, '2021-11-04 16:22:34.777653'),
(103, 5, 1, '2021-11-04 16:22:34.777653'),
(103, 5, 1, '2021-11-04 16:22:34.777653'),
(104, 6, 2, '2021-11-04 16:22:34.777653'),
(100, 6, 2, '2021-11-04 16:22:34.777653'),
(100, 6, 2, '2021-11-04 16:22:34.777653'),
(100, 6, 2, '2021-11-04 16:22:34.777653'),
(109, 6, 1, '2021-11-04 16:22:34.777653'),
(100, 6, 2, '2021-11-04 16:22:34.777653'),
(108, 6, 2, '2021-11-04 16:22:34.777653'),
(102, 6, 2, '2021-11-04 16:22:34.777653'),
(106, 7, 1, '2021-11-04 16:22:34.777653'),
(102, 7, 1, '2021-11-04 16:22:34.777653'),
(104, 7, 2, '2021-11-04 16:22:34.777653'),
(105, 8, 2, '2021-11-04 16:22:34.777653'),
(108, 8, 1, '2021-11-04 16:22:34.777653'),
(102, 8, 2, '2021-11-04 16:22:34.777653'),
(106, 8, 2, '2021-11-04 16:22:34.777653'),
(100, 8, 1, '2021-11-04 16:22:34.777653'),
(101, 8, 2, '2021-11-04 16:22:34.777653'),
(107, 8, 1, '2021-11-04 16:22:34.777653'),
(107, 9, 2, '2021-11-04 16:22:34.777653'),
(103, 9, 2, '2021-11-04 16:22:34.777653'),
(105, 9, 2, '2021-11-04 16:22:34.777653'),
(102, 9, 2, '2021-11-04 16:22:34.777653'),
(109, 9, 1, '2021-11-04 16:22:34.777653'),
(104, 10, 1, '2021-11-04 16:22:34.777653'),
(109, 10, 1, '2021-11-04 16:22:34.777653'),
(101, 10, 1, '2021-11-04 16:22:34.777653'),
(101, 10, 1, '2021-11-04 16:22:34.777653'),
(103, 10, 2, '2021-11-04 16:22:34.777653'),
(104, 1, 2, '2021-11-05 16:22:34.778654'),
(104, 1, 2, '2021-11-05 16:22:34.778654'),
(100, 1, 2, '2021-11-05 16:22:34.778654'),
(100, 1, 1, '2021-11-05 16:22:34.778654'),
(105, 1, 2, '2021-11-05 16:22:34.778654'),
(103, 2, 1, '2021-11-05 16:22:34.778654'),
(106, 2, 1, '2021-11-05 16:22:34.778654'),
(100, 2, 2, '2021-11-05 16:22:34.778654'),
(102, 2, 2, '2021-11-05 16:22:34.778654'),
(103, 2, 2, '2021-11-05 16:22:34.778654'),
(101, 3, 2, '2021-11-05 16:22:34.778654'),
(100, 3, 2, '2021-11-05 16:22:34.778654'),
(107, 3, 2, '2021-11-05 16:22:34.778654'),
(100, 3, 1, '2021-11-05 16:22:34.778654'),
(108, 3, 2, '2021-11-05 16:22:34.778654'),
(106, 3, 2, '2021-11-05 16:22:34.778654'),
(101, 3, 1, '2021-11-05 16:22:34.778654'),
(108, 3, 2, '2021-11-05 16:22:34.778654'),
(103, 3, 1, '2021-11-05 16:22:34.778654'),
(106, 4, 1, '2021-11-05 16:22:34.778654'),
(101, 4, 2, '2021-11-05 16:22:34.778654'),
(105, 4, 1, '2021-11-05 16:22:34.778654'),
(103, 4, 1, '2021-11-05 16:22:34.778654'),
(108, 4, 2, '2021-11-05 16:22:34.778654'),
(103, 4, 1, '2021-11-05 16:22:34.778654'),
(101, 4, 1, '2021-11-05 16:22:34.778654'),
(103, 5, 2, '2021-11-05 16:22:34.778654'),
(106, 5, 1, '2021-11-05 16:22:34.778654'),
(103, 5, 2, '2021-11-05 16:22:34.778654'),
(109, 6, 1, '2021-11-05 16:22:34.778654'),
(105, 6, 2, '2021-11-05 16:22:34.778654'),
(105, 6, 1, '2021-11-05 16:22:34.778654'),
(108, 6, 2, '2021-11-05 16:22:34.778654'),
(100, 6, 2, '2021-11-05 16:22:34.778654'),
(104, 6, 1, '2021-11-05 16:22:34.778654'),
(105, 6, 2, '2021-11-05 16:22:34.778654'),
(108, 6, 1, '2021-11-05 16:22:34.778654'),
(103, 6, 1, '2021-11-05 16:22:34.778654'),
(109, 6, 1, '2021-11-05 16:22:34.778654'),
(107, 6, 1, '2021-11-05 16:22:34.778654'),
(107, 6, 2, '2021-11-05 16:22:34.778654'),
(100, 6, 1, '2021-11-05 16:22:34.778654'),
(105, 6, 2, '2021-11-05 16:22:34.778654'),
(109, 6, 1, '2021-11-05 16:22:34.778654'),
(101, 7, 2, '2021-11-05 16:22:34.778654'),
(105, 7, 1, '2021-11-05 16:22:34.778654'),
(100, 7, 2, '2021-11-05 16:22:34.778654'),
(109, 7, 1, '2021-11-05 16:22:34.778654'),
(100, 7, 2, '2021-11-05 16:22:34.778654'),
(105, 7, 1, '2021-11-05 16:22:34.778654'),
(109, 7, 2, '2021-11-05 16:22:34.778654'),
(108, 7, 2, '2021-11-05 16:22:34.778654'),
(106, 7, 1, '2021-11-05 16:22:34.778654'),
(101, 8, 1, '2021-11-05 16:22:34.778654'),
(108, 8, 2, '2021-11-05 16:22:34.778654'),
(100, 8, 1, '2021-11-05 16:22:34.778654'),
(104, 8, 1, '2021-11-05 16:22:34.778654'),
(107, 8, 1, '2021-11-05 16:22:34.778654'),
(104, 8, 1, '2021-11-05 16:22:34.778654'),
(108, 8, 1, '2021-11-05 16:22:34.778654'),
(105, 8, 2, '2021-11-05 16:22:34.778654'),
(105, 8, 2, '2021-11-05 16:22:34.778654'),
(102, 8, 1, '2021-11-05 16:22:34.778654'),
(106, 8, 1, '2021-11-05 16:22:34.778654'),
(104, 9, 2, '2021-11-05 16:22:34.778654'),
(100, 9, 1, '2021-11-05 16:22:34.778654'),
(102, 9, 1, '2021-11-05 16:22:34.778654'),
(108, 9, 2, '2021-11-05 16:22:34.778654'),
(105, 9, 2, '2021-11-05 16:22:34.778654'),
(103, 9, 2, '2021-11-05 16:22:34.778654'),
(104, 10, 2, '2021-11-05 16:22:34.778654'),
(101, 10, 2, '2021-11-05 16:22:34.778654'),
(109, 10, 1, '2021-11-05 16:22:34.778654'),
(104, 10, 1, '2021-11-05 16:22:34.778654'),
(106, 1, 1, '2021-11-06 16:22:34.779653'),
(106, 1, 2, '2021-11-06 16:22:34.779653'),
(100, 1, 1, '2021-11-06 16:22:34.779653'),
(105, 1, 2, '2021-11-06 16:22:34.779653'),
(102, 1, 1, '2021-11-06 16:22:34.779653'),
(107, 1, 2, '2021-11-06 16:22:34.779653'),
(108, 1, 2, '2021-11-06 16:22:34.779653'),
(108, 1, 2, '2021-11-06 16:22:34.779653'),
(102, 1, 1, '2021-11-06 16:22:34.779653'),
(109, 1, 1, '2021-11-06 16:22:34.779653'),
(103, 1, 2, '2021-11-06 16:22:34.779653'),
(100, 2, 2, '2021-11-06 16:22:34.779653'),
(108, 2, 2, '2021-11-06 16:22:34.779653'),
(103, 2, 1, '2021-11-06 16:22:34.779653'),
(105, 2, 2, '2021-11-06 16:22:34.779653'),
(101, 2, 1, '2021-11-06 16:22:34.779653'),
(104, 2, 2, '2021-11-06 16:22:34.779653'),
(101, 2, 1, '2021-11-06 16:22:34.779653'),
(109, 2, 1, '2021-11-06 16:22:34.779653'),
(103, 3, 1, '2021-11-06 16:22:34.779653'),
(104, 3, 1, '2021-11-06 16:22:34.779653'),
(102, 3, 2, '2021-11-06 16:22:34.779653'),
(109, 3, 2, '2021-11-06 16:22:34.779653'),
(104, 3, 2, '2021-11-06 16:22:34.779653'),
(100, 4, 1, '2021-11-06 16:22:34.779653'),
(100, 4, 2, '2021-11-06 16:22:34.779653'),
(103, 4, 1, '2021-11-06 16:22:34.779653'),
(108, 4, 1, '2021-11-06 16:22:34.779653'),
(106, 4, 1, '2021-11-06 16:22:34.779653'),
(100, 4, 1, '2021-11-06 16:22:34.779653'),
(104, 4, 1, '2021-11-06 16:22:34.779653'),
(108, 4, 1, '2021-11-06 16:22:34.779653'),
(102, 4, 2, '2021-11-06 16:22:34.779653'),
(100, 4, 1, '2021-11-06 16:22:34.779653'),
(106, 4, 2, '2021-11-06 16:22:34.779653'),
(103, 5, 1, '2021-11-06 16:22:34.779653'),
(107, 5, 1, '2021-11-06 16:22:34.779653'),
(108, 5, 2, '2021-11-06 16:22:34.779653'),
(107, 5, 1, '2021-11-06 16:22:34.779653'),
(109, 5, 2, '2021-11-06 16:22:34.779653'),
(100, 5, 2, '2021-11-06 16:22:34.779653'),
(100, 5, 1, '2021-11-06 16:22:34.779653'),
(107, 5, 1, '2021-11-06 16:22:34.779653'),
(107, 5, 1, '2021-11-06 16:22:34.779653'),
(109, 5, 1, '2021-11-06 16:22:34.779653'),
(105, 5, 2, '2021-11-06 16:22:34.779653'),
(109, 5, 1, '2021-11-06 16:22:34.779653'),
(102, 6, 1, '2021-11-06 16:22:34.779653'),
(101, 6, 2, '2021-11-06 16:22:34.779653'),
(106, 6, 1, '2021-11-06 16:22:34.779653'),
(102, 6, 1, '2021-11-06 16:22:34.779653'),
(103, 6, 2, '2021-11-06 16:22:34.779653'),
(106, 7, 1, '2021-11-06 16:22:34.779653'),
(102, 7, 2, '2021-11-06 16:22:34.779653'),
(108, 7, 2, '2021-11-06 16:22:34.779653'),
(109, 7, 2, '2021-11-06 16:22:34.779653'),
(102, 7, 2, '2021-11-06 16:22:34.779653'),
(104, 7, 1, '2021-11-06 16:22:34.779653'),
(109, 8, 2, '2021-11-06 16:22:34.779653'),
(106, 8, 1, '2021-11-06 16:22:34.779653'),
(102, 8, 2, '2021-11-06 16:22:34.779653'),
(105, 8, 1, '2021-11-06 16:22:34.779653'),
(108, 8, 1, '2021-11-06 16:22:34.779653'),
(107, 8, 2, '2021-11-06 16:22:34.779653'),
(104, 8, 2, '2021-11-06 16:22:34.779653'),
(103, 9, 2, '2021-11-06 16:22:34.779653'),
(109, 9, 1, '2021-11-06 16:22:34.779653'),
(104, 9, 1, '2021-11-06 16:22:34.779653'),
(100, 10, 2, '2021-11-06 16:22:34.779653'),
(104, 10, 1, '2021-11-06 16:22:34.779653'),
(105, 10, 2, '2021-11-06 16:22:34.779653'),
(106, 10, 2, '2021-11-06 16:22:34.779653'),
(100, 10, 1, '2021-11-06 16:22:34.779653'),
(104, 10, 2, '2021-11-06 16:22:34.779653'),
(107, 1, 2, '2021-11-07 16:22:34.780653'),
(100, 1, 2, '2021-11-07 16:22:34.780653'),
(105, 1, 1, '2021-11-07 16:22:34.780653'),
(109, 1, 2, '2021-11-07 16:22:34.780653'),
(109, 1, 1, '2021-11-07 16:22:34.780653'),
(101, 1, 1, '2021-11-07 16:22:34.780653'),
(101, 1, 2, '2021-11-07 16:22:34.780653'),
(101, 2, 1, '2021-11-07 16:22:34.780653'),
(106, 2, 2, '2021-11-07 16:22:34.780653'),
(100, 2, 1, '2021-11-07 16:22:34.780653'),
(105, 2, 2, '2021-11-07 16:22:34.780653'),
(108, 2, 1, '2021-11-07 16:22:34.780653'),
(107, 2, 2, '2021-11-07 16:22:34.780653'),
(105, 2, 2, '2021-11-07 16:22:34.780653'),
(108, 2, 2, '2021-11-07 16:22:34.780653'),
(109, 2, 1, '2021-11-07 16:22:34.780653'),
(108, 2, 2, '2021-11-07 16:22:34.780653'),
(106, 2, 1, '2021-11-07 16:22:34.780653'),
(107, 2, 1, '2021-11-07 16:22:34.780653'),
(101, 2, 2, '2021-11-07 16:22:34.780653'),
(101, 3, 1, '2021-11-07 16:22:34.780653'),
(108, 3, 1, '2021-11-07 16:22:34.780653'),
(101, 3, 1, '2021-11-07 16:22:34.780653'),
(102, 3, 2, '2021-11-07 16:22:34.780653'),
(103, 3, 1, '2021-11-07 16:22:34.780653'),
(106, 3, 1, '2021-11-07 16:22:34.780653'),
(108, 3, 2, '2021-11-07 16:22:34.780653'),
(100, 3, 1, '2021-11-07 16:22:34.780653'),
(102, 3, 1, '2021-11-07 16:22:34.780653'),
(103, 4, 2, '2021-11-07 16:22:34.780653'),
(106, 4, 2, '2021-11-07 16:22:34.780653'),
(101, 4, 2, '2021-11-07 16:22:34.780653'),
(107, 5, 1, '2021-11-07 16:22:34.780653'),
(100, 5, 2, '2021-11-07 16:22:34.780653'),
(105, 5, 1, '2021-11-07 16:22:34.780653'),
(109, 5, 2, '2021-11-07 16:22:34.780653'),
(109, 5, 2, '2021-11-07 16:22:34.780653'),
(109, 5, 2, '2021-11-07 16:22:34.780653'),
(105, 5, 2, '2021-11-07 16:22:34.780653'),
(106, 5, 1, '2021-11-07 16:22:34.780653'),
(103, 5, 1, '2021-11-07 16:22:34.780653'),
(105, 5, 2, '2021-11-07 16:22:34.780653'),
(100, 6, 1, '2021-11-07 16:22:34.780653'),
(106, 6, 2, '2021-11-07 16:22:34.780653'),
(106, 6, 1, '2021-11-07 16:22:34.780653'),
(100, 6, 1, '2021-11-07 16:22:34.780653'),
(100, 6, 2, '2021-11-07 16:22:34.780653'),
(102, 6, 2, '2021-11-07 16:22:34.780653'),
(104, 6, 1, '2021-11-07 16:22:34.780653'),
(103, 6, 1, '2021-11-07 16:22:34.780653'),
(106, 7, 1, '2021-11-07 16:22:34.780653'),
(103, 7, 2, '2021-11-07 16:22:34.780653'),
(109, 7, 1, '2021-11-07 16:22:34.780653'),
(106, 7, 2, '2021-11-07 16:22:34.780653'),
(102, 8, 1, '2021-11-07 16:22:34.780653'),
(102, 8, 1, '2021-11-07 16:22:34.780653'),
(104, 8, 1, '2021-11-07 16:22:34.780653'),
(108, 8, 2, '2021-11-07 16:22:34.780653'),
(100, 8, 2, '2021-11-07 16:22:34.780653'),
(103, 8, 2, '2021-11-07 16:22:34.780653'),
(108, 9, 1, '2021-11-07 16:22:34.780653'),
(101, 9, 1, '2021-11-07 16:22:34.780653'),
(101, 9, 1, '2021-11-07 16:22:34.780653'),
(106, 9, 1, '2021-11-07 16:22:34.780653'),
(100, 9, 1, '2021-11-07 16:22:34.780653'),
(106, 9, 1, '2021-11-07 16:22:34.780653'),
(109, 9, 2, '2021-11-07 16:22:34.780653'),
(105, 9, 2, '2021-11-07 16:22:34.780653'),
(105, 9, 2, '2021-11-07 16:22:34.780653'),
(105, 9, 2, '2021-11-07 16:22:34.780653'),
(102, 9, 1, '2021-11-07 16:22:34.780653'),
(109, 9, 2, '2021-11-07 16:22:34.780653'),
(100, 10, 2, '2021-11-07 16:22:34.780653'),
(100, 10, 1, '2021-11-07 16:22:34.780653'),
(106, 10, 1, '2021-11-07 16:22:34.780653'),
(103, 10, 2, '2021-11-07 16:22:34.780653'),
(101, 10, 2, '2021-11-07 16:22:34.780653'),
(102, 1, 1, '2021-11-08 16:22:34.780653'),
(108, 1, 1, '2021-11-08 16:22:34.780653'),
(107, 1, 2, '2021-11-08 16:22:34.780653'),
(109, 1, 2, '2021-11-08 16:22:34.780653'),
(107, 1, 1, '2021-11-08 16:22:34.780653'),
(104, 1, 2, '2021-11-08 16:22:34.780653'),
(107, 2, 1, '2021-11-08 16:22:34.780653'),
(102, 2, 2, '2021-11-08 16:22:34.780653'),
(106, 2, 1, '2021-11-08 16:22:34.780653'),
(102, 2, 2, '2021-11-08 16:22:34.780653'),
(104, 2, 1, '2021-11-08 16:22:34.780653'),
(102, 3, 1, '2021-11-08 16:22:34.780653'),
(104, 3, 2, '2021-11-08 16:22:34.780653'),
(106, 3, 1, '2021-11-08 16:22:34.780653'),
(103, 3, 2, '2021-11-08 16:22:34.780653'),
(105, 4, 2, '2021-11-08 16:22:34.780653'),
(101, 4, 2, '2021-11-08 16:22:34.780653'),
(109, 4, 2, '2021-11-08 16:22:34.780653'),
(103, 4, 1, '2021-11-08 16:22:34.780653'),
(106, 4, 1, '2021-11-08 16:22:34.780653'),
(104, 4, 2, '2021-11-08 16:22:34.780653'),
(105, 5, 1, '2021-11-08 16:22:34.780653'),
(100, 5, 2, '2021-11-08 16:22:34.780653'),
(101, 5, 1, '2021-11-08 16:22:34.780653'),
(103, 5, 2, '2021-11-08 16:22:34.780653'),
(104, 5, 2, '2021-11-08 16:22:34.780653'),
(100, 6, 1, '2021-11-08 16:22:34.780653'),
(104, 6, 2, '2021-11-08 16:22:34.780653'),
(101, 6, 1, '2021-11-08 16:22:34.780653'),
(108, 6, 1, '2021-11-08 16:22:34.780653'),
(101, 6, 1, '2021-11-08 16:22:34.780653'),
(102, 6, 2, '2021-11-08 16:22:34.780653'),
(102, 7, 1, '2021-11-08 16:22:34.780653'),
(100, 7, 1, '2021-11-08 16:22:34.780653'),
(105, 7, 1, '2021-11-08 16:22:34.780653'),
(106, 7, 2, '2021-11-08 16:22:34.780653'),
(108, 7, 2, '2021-11-08 16:22:34.780653'),
(105, 7, 2, '2021-11-08 16:22:34.780653'),
(107, 7, 1, '2021-11-08 16:22:34.780653'),
(106, 7, 2, '2021-11-08 16:22:34.780653'),
(102, 7, 2, '2021-11-08 16:22:34.780653'),
(104, 8, 2, '2021-11-08 16:22:34.780653'),
(108, 8, 1, '2021-11-08 16:22:34.780653'),
(105, 8, 2, '2021-11-08 16:22:34.780653'),
(108, 8, 1, '2021-11-08 16:22:34.780653'),
(100, 8, 2, '2021-11-08 16:22:34.780653'),
(102, 8, 1, '2021-11-08 16:22:34.780653'),
(109, 8, 2, '2021-11-08 16:22:34.780653'),
(104, 8, 2, '2021-11-08 16:22:34.780653'),
(107, 9, 2, '2021-11-08 16:22:34.780653'),
(108, 9, 1, '2021-11-08 16:22:34.780653'),
(102, 9, 1, '2021-11-08 16:22:34.780653'),
(104, 9, 2, '2021-11-08 16:22:34.780653'),
(100, 9, 2, '2021-11-08 16:22:34.780653'),
(104, 9, 2, '2021-11-08 16:22:34.780653'),
(108, 10, 1, '2021-11-08 16:22:34.780653'),
(106, 10, 2, '2021-11-08 16:22:34.780653'),
(100, 10, 1, '2021-11-08 16:22:34.780653'),
(104, 10, 2, '2021-11-08 16:22:34.780653'),
(109, 10, 2, '2021-11-08 16:22:34.780653'),
(109, 10, 2, '2021-11-08 16:22:34.780653'),
(101, 1, 2, '2021-11-09 16:22:34.781652'),
(109, 1, 2, '2021-11-09 16:22:34.781652'),
(101, 1, 1, '2021-11-09 16:22:34.781652'),
(108, 1, 1, '2021-11-09 16:22:34.781652'),
(106, 1, 2, '2021-11-09 16:22:34.781652'),
(101, 2, 1, '2021-11-09 16:22:34.781652'),
(100, 2, 2, '2021-11-09 16:22:34.781652'),
(102, 2, 2, '2021-11-09 16:22:34.781652'),
(103, 2, 1, '2021-11-09 16:22:34.781652'),
(103, 2, 1, '2021-11-09 16:22:34.781652'),
(104, 3, 1, '2021-11-09 16:22:34.781652'),
(104, 3, 2, '2021-11-09 16:22:34.781652'),
(107, 3, 1, '2021-11-09 16:22:34.781652'),
(108, 3, 1, '2021-11-09 16:22:34.781652'),
(106, 3, 2, '2021-11-09 16:22:34.781652'),
(109, 4, 1, '2021-11-09 16:22:34.781652'),
(108, 4, 2, '2021-11-09 16:22:34.781652'),
(103, 4, 1, '2021-11-09 16:22:34.781652'),
(103, 4, 1, '2021-11-09 16:22:34.781652'),
(100, 4, 2, '2021-11-09 16:22:34.781652'),
(105, 4, 2, '2021-11-09 16:22:34.781652'),
(107, 4, 2, '2021-11-09 16:22:34.781652'),
(106, 4, 1, '2021-11-09 16:22:34.781652'),
(107, 5, 2, '2021-11-09 16:22:34.781652'),
(101, 5, 1, '2021-11-09 16:22:34.781652'),
(106, 5, 1, '2021-11-09 16:22:34.781652'),
(102, 5, 2, '2021-11-09 16:22:34.781652'),
(107, 5, 2, '2021-11-09 16:22:34.781652'),
(100, 5, 2, '2021-11-09 16:22:34.781652'),
(108, 5, 2, '2021-11-09 16:22:34.781652'),
(104, 5, 1, '2021-11-09 16:22:34.781652'),
(103, 6, 2, '2021-11-09 16:22:34.781652'),
(108, 6, 1, '2021-11-09 16:22:34.781652'),
(101, 6, 1, '2021-11-09 16:22:34.781652'),
(106, 6, 2, '2021-11-09 16:22:34.781652'),
(108, 6, 2, '2021-11-09 16:22:34.781652'),
(109, 6, 2, '2021-11-09 16:22:34.781652'),
(105, 6, 2, '2021-11-09 16:22:34.781652'),
(101, 6, 1, '2021-11-09 16:22:34.781652'),
(109, 7, 1, '2021-11-09 16:22:34.781652'),
(108, 7, 2, '2021-11-09 16:22:34.781652'),
(105, 7, 1, '2021-11-09 16:22:34.781652'),
(108, 7, 2, '2021-11-09 16:22:34.781652'),
(107, 7, 1, '2021-11-09 16:22:34.781652'),
(104, 7, 1, '2021-11-09 16:22:34.781652'),
(109, 7, 1, '2021-11-09 16:22:34.781652'),
(102, 7, 2, '2021-11-09 16:22:34.781652'),
(109, 7, 1, '2021-11-09 16:22:34.781652'),
(107, 7, 1, '2021-11-09 16:22:34.781652'),
(103, 7, 2, '2021-11-09 16:22:34.781652'),
(103, 8, 1, '2021-11-09 16:22:34.781652'),
(104, 8, 1, '2021-11-09 16:22:34.781652'),
(100, 8, 1, '2021-11-09 16:22:34.781652'),
(106, 8, 2, '2021-11-09 16:22:34.781652'),
(106, 8, 1, '2021-11-09 16:22:34.781652'),
(101, 8, 2, '2021-11-09 16:22:34.781652'),
(109, 9, 2, '2021-11-09 16:22:34.781652'),
(100, 9, 1, '2021-11-09 16:22:34.781652'),
(100, 9, 1, '2021-11-09 16:22:34.781652'),
(101, 9, 2, '2021-11-09 16:22:34.781652'),
(101, 9, 1, '2021-11-09 16:22:34.781652'),
(103, 9, 1, '2021-11-09 16:22:34.781652'),
(100, 9, 1, '2021-11-09 16:22:34.781652'),
(106, 9, 1, '2021-11-09 16:22:34.781652'),
(108, 10, 1, '2021-11-09 16:22:34.781652'),
(108, 10, 2, '2021-11-09 16:22:34.781652'),
(100, 10, 2, '2021-11-09 16:22:34.781652'),
(108, 10, 2, '2021-11-09 16:22:34.781652'),
(104, 10, 2, '2021-11-09 16:22:34.781652'),
(106, 10, 2, '2021-11-09 16:22:34.781652'),
(101, 10, 2, '2021-11-09 16:22:34.781652'),
(105, 1, 2, '2021-11-10 16:22:34.782654'),
(102, 1, 2, '2021-11-10 16:22:34.782654'),
(103, 1, 2, '2021-11-10 16:22:34.782654'),
(109, 1, 1, '2021-11-10 16:22:34.782654'),
(103, 1, 1, '2021-11-10 16:22:34.782654'),
(107, 2, 1, '2021-11-10 16:22:34.782654'),
(104, 2, 2, '2021-11-10 16:22:34.782654'),
(100, 2, 2, '2021-11-10 16:22:34.782654'),
(104, 2, 1, '2021-11-10 16:22:34.782654'),
(109, 2, 1, '2021-11-10 16:22:34.782654'),
(103, 2, 2, '2021-11-10 16:22:34.782654'),
(108, 3, 2, '2021-11-10 16:22:34.782654'),
(105, 3, 1, '2021-11-10 16:22:34.782654'),
(103, 3, 1, '2021-11-10 16:22:34.782654'),
(105, 3, 2, '2021-11-10 16:22:34.782654'),
(102, 3, 1, '2021-11-10 16:22:34.782654'),
(101, 3, 1, '2021-11-10 16:22:34.782654'),
(103, 3, 1, '2021-11-10 16:22:34.782654'),
(105, 4, 2, '2021-11-10 16:22:34.782654'),
(109, 4, 2, '2021-11-10 16:22:34.782654'),
(103, 4, 2, '2021-11-10 16:22:34.782654'),
(105, 4, 1, '2021-11-10 16:22:34.782654'),
(109, 4, 2, '2021-11-10 16:22:34.782654'),
(109, 4, 1, '2021-11-10 16:22:34.782654'),
(103, 4, 1, '2021-11-10 16:22:34.782654'),
(109, 5, 1, '2021-11-10 16:22:34.782654'),
(106, 5, 1, '2021-11-10 16:22:34.782654'),
(107, 5, 1, '2021-11-10 16:22:34.782654'),
(107, 5, 1, '2021-11-10 16:22:34.782654'),
(105, 5, 1, '2021-11-10 16:22:34.782654'),
(106, 5, 2, '2021-11-10 16:22:34.782654'),
(101, 5, 2, '2021-11-10 16:22:34.782654'),
(107, 5, 1, '2021-11-10 16:22:34.782654'),
(106, 5, 2, '2021-11-10 16:22:34.782654'),
(109, 6, 2, '2021-11-10 16:22:34.782654'),
(101, 6, 1, '2021-11-10 16:22:34.782654'),
(107, 6, 1, '2021-11-10 16:22:34.782654'),
(102, 6, 1, '2021-11-10 16:22:34.782654'),
(106, 6, 2, '2021-11-10 16:22:34.782654'),
(105, 6, 1, '2021-11-10 16:22:34.782654'),
(106, 6, 2, '2021-11-10 16:22:34.782654'),
(102, 7, 2, '2021-11-10 16:22:34.782654'),
(106, 7, 2, '2021-11-10 16:22:34.782654'),
(107, 7, 1, '2021-11-10 16:22:34.782654'),
(108, 7, 1, '2021-11-10 16:22:34.782654'),
(106, 7, 2, '2021-11-10 16:22:34.782654'),
(106, 7, 1, '2021-11-10 16:22:34.782654'),
(101, 8, 1, '2021-11-10 16:22:34.782654'),
(104, 8, 2, '2021-11-10 16:22:34.782654'),
(107, 8, 1, '2021-11-10 16:22:34.782654'),
(100, 8, 2, '2021-11-10 16:22:34.782654'),
(102, 8, 1, '2021-11-10 16:22:34.782654'),
(108, 8, 2, '2021-11-10 16:22:34.782654'),
(106, 8, 1, '2021-11-10 16:22:34.782654'),
(107, 9, 1, '2021-11-10 16:22:34.782654'),
(102, 9, 2, '2021-11-10 16:22:34.782654'),
(102, 9, 1, '2021-11-10 16:22:34.782654'),
(103, 9, 1, '2021-11-10 16:22:34.782654'),
(100, 9, 2, '2021-11-10 16:22:34.782654'),
(104, 9, 1, '2021-11-10 16:22:34.782654'),
(100, 9, 2, '2021-11-10 16:22:34.782654'),
(106, 9, 1, '2021-11-10 16:22:34.782654'),
(104, 10, 1, '2021-11-10 16:22:34.782654'),
(105, 10, 1, '2021-11-10 16:22:34.782654'),
(106, 10, 2, '2021-11-10 16:22:34.782654'),
(102, 10, 2, '2021-11-10 16:22:34.782654'),
(106, 10, 1, '2021-11-10 16:22:34.782654'),
(103, 10, 2, '2021-11-10 16:22:34.782654'),
(100, 1, 1, '2021-11-11 16:22:34.783653'),
(109, 1, 2, '2021-11-11 16:22:34.783653'),
(101, 1, 1, '2021-11-11 16:22:34.783653'),
(101, 1, 1, '2021-11-11 16:22:34.783653'),
(103, 1, 1, '2021-11-11 16:22:34.783653'),
(108, 1, 1, '2021-11-11 16:22:34.783653'),
(102, 1, 2, '2021-11-11 16:22:34.783653'),
(102, 1, 2, '2021-11-11 16:22:34.783653'),
(109, 2, 2, '2021-11-11 16:22:34.783653'),
(102, 2, 2, '2021-11-11 16:22:34.783653'),
(101, 2, 1, '2021-11-11 16:22:34.783653'),
(101, 2, 1, '2021-11-11 16:22:34.783653'),
(103, 2, 2, '2021-11-11 16:22:34.783653'),
(101, 3, 2, '2021-11-11 16:22:34.783653'),
(100, 3, 1, '2021-11-11 16:22:34.783653'),
(101, 3, 1, '2021-11-11 16:22:34.783653'),
(100, 3, 2, '2021-11-11 16:22:34.783653'),
(102, 3, 1, '2021-11-11 16:22:34.783653'),
(106, 3, 2, '2021-11-11 16:22:34.783653'),
(101, 3, 1, '2021-11-11 16:22:34.783653'),
(100, 3, 1, '2021-11-11 16:22:34.783653'),
(103, 3, 2, '2021-11-11 16:22:34.783653'),
(109, 4, 2, '2021-11-11 16:22:34.783653'),
(101, 4, 1, '2021-11-11 16:22:34.783653'),
(105, 4, 2, '2021-11-11 16:22:34.783653'),
(108, 4, 2, '2021-11-11 16:22:34.783653'),
(104, 4, 1, '2021-11-11 16:22:34.783653'),
(107, 4, 2, '2021-11-11 16:22:34.783653'),
(108, 4, 1, '2021-11-11 16:22:34.783653'),
(106, 4, 2, '2021-11-11 16:22:34.783653'),
(102, 4, 1, '2021-11-11 16:22:34.783653'),
(103, 5, 2, '2021-11-11 16:22:34.783653'),
(101, 5, 1, '2021-11-11 16:22:34.783653'),
(105, 5, 1, '2021-11-11 16:22:34.783653'),
(102, 5, 2, '2021-11-11 16:22:34.783653'),
(101, 5, 2, '2021-11-11 16:22:34.783653'),
(104, 6, 1, '2021-11-11 16:22:34.783653'),
(106, 6, 1, '2021-11-11 16:22:34.783653'),
(106, 6, 2, '2021-11-11 16:22:34.783653'),
(100, 6, 2, '2021-11-11 16:22:34.783653'),
(106, 6, 2, '2021-11-11 16:22:34.783653'),
(102, 7, 1, '2021-11-11 16:22:34.783653'),
(103, 7, 2, '2021-11-11 16:22:34.783653'),
(104, 7, 1, '2021-11-11 16:22:34.783653'),
(104, 8, 1, '2021-11-11 16:22:34.783653'),
(105, 8, 1, '2021-11-11 16:22:34.783653'),
(107, 8, 1, '2021-11-11 16:22:34.783653'),
(103, 8, 1, '2021-11-11 16:22:34.783653'),
(108, 8, 1, '2021-11-11 16:22:34.783653'),
(103, 8, 1, '2021-11-11 16:22:34.783653'),
(109, 8, 2, '2021-11-11 16:22:34.783653'),
(103, 8, 2, '2021-11-11 16:22:34.783653'),
(105, 9, 1, '2021-11-11 16:22:34.783653'),
(100, 9, 2, '2021-11-11 16:22:34.783653'),
(109, 9, 1, '2021-11-11 16:22:34.783653'),
(105, 9, 1, '2021-11-11 16:22:34.783653'),
(102, 9, 2, '2021-11-11 16:22:34.783653'),
(109, 9, 1, '2021-11-11 16:22:34.783653'),
(108, 9, 2, '2021-11-11 16:22:34.783653'),
(109, 9, 1, '2021-11-11 16:22:34.783653'),
(102, 9, 1, '2021-11-11 16:22:34.783653'),
(100, 9, 1, '2021-11-11 16:22:34.783653'),
(107, 9, 2, '2021-11-11 16:22:34.783653'),
(102, 9, 2, '2021-11-11 16:22:34.783653'),
(106, 10, 1, '2021-11-11 16:22:34.783653'),
(107, 10, 2, '2021-11-11 16:22:34.783653'),
(107, 10, 2, '2021-11-11 16:22:34.783653'),
(103, 10, 2, '2021-11-11 16:22:34.783653'),
(107, 10, 1, '2021-11-11 16:22:34.783653'),
(104, 10, 2, '2021-11-11 16:22:34.783653'),
(108, 1, 1, '2021-11-12 16:22:34.784653'),
(106, 1, 2, '2021-11-12 16:22:34.784653'),
(104, 1, 2, '2021-11-12 16:22:34.784653'),
(101, 1, 2, '2021-11-12 16:22:34.784653'),
(108, 2, 1, '2021-11-12 16:22:34.784653'),
(108, 2, 1, '2021-11-12 16:22:34.784653'),
(108, 2, 2, '2021-11-12 16:22:34.784653'),
(101, 2, 2, '2021-11-12 16:22:34.784653'),
(102, 2, 1, '2021-11-12 16:22:34.784653'),
(102, 2, 2, '2021-11-12 16:22:34.784653'),
(109, 2, 1, '2021-11-12 16:22:34.784653'),
(108, 2, 1, '2021-11-12 16:22:34.784653'),
(106, 2, 2, '2021-11-12 16:22:34.784653'),
(104, 3, 2, '2021-11-12 16:22:34.784653'),
(106, 3, 2, '2021-11-12 16:22:34.784653'),
(100, 3, 1, '2021-11-12 16:22:34.784653'),
(108, 3, 1, '2021-11-12 16:22:34.784653'),
(103, 3, 1, '2021-11-12 16:22:34.784653'),
(107, 4, 2, '2021-11-12 16:22:34.784653'),
(108, 4, 2, '2021-11-12 16:22:34.784653'),
(100, 4, 1, '2021-11-12 16:22:34.784653'),
(109, 4, 2, '2021-11-12 16:22:34.784653'),
(101, 4, 2, '2021-11-12 16:22:34.784653'),
(101, 4, 2, '2021-11-12 16:22:34.784653'),
(102, 4, 1, '2021-11-12 16:22:34.784653'),
(109, 4, 1, '2021-11-12 16:22:34.784653'),
(100, 4, 2, '2021-11-12 16:22:34.784653'),
(107, 4, 1, '2021-11-12 16:22:34.784653'),
(108, 5, 1, '2021-11-12 16:22:34.784653'),
(107, 5, 2, '2021-11-12 16:22:34.784653'),
(109, 5, 2, '2021-11-12 16:22:34.784653'),
(109, 5, 2, '2021-11-12 16:22:34.784653'),
(107, 5, 2, '2021-11-12 16:22:34.784653'),
(102, 5, 2, '2021-11-12 16:22:34.784653'),
(100, 5, 2, '2021-11-12 16:22:34.784653'),
(104, 5, 2, '2021-11-12 16:22:34.784653'),
(102, 6, 2, '2021-11-12 16:22:34.784653'),
(106, 6, 1, '2021-11-12 16:22:34.784653'),
(103, 6, 2, '2021-11-12 16:22:34.784653'),
(103, 6, 1, '2021-11-12 16:22:34.784653'),
(100, 6, 1, '2021-11-12 16:22:34.784653'),
(109, 6, 2, '2021-11-12 16:22:34.784653'),
(103, 7, 1, '2021-11-12 16:22:34.784653'),
(103, 7, 1, '2021-11-12 16:22:34.784653'),
(100, 7, 1, '2021-11-12 16:22:34.784653'),
(105, 7, 2, '2021-11-12 16:22:34.784653'),
(102, 7, 2, '2021-11-12 16:22:34.784653'),
(109, 7, 1, '2021-11-12 16:22:34.784653'),
(100, 8, 2, '2021-11-12 16:22:34.784653'),
(106, 8, 1, '2021-11-12 16:22:34.784653'),
(105, 8, 2, '2021-11-12 16:22:34.784653'),
(104, 8, 2, '2021-11-12 16:22:34.784653'),
(104, 8, 2, '2021-11-12 16:22:34.784653'),
(104, 9, 1, '2021-11-12 16:22:34.784653'),
(109, 9, 2, '2021-11-12 16:22:34.784653'),
(102, 9, 2, '2021-11-12 16:22:34.784653'),
(107, 9, 2, '2021-11-12 16:22:34.784653'),
(103, 9, 1, '2021-11-12 16:22:34.784653'),
(104, 10, 2, '2021-11-12 16:22:34.784653'),
(106, 10, 2, '2021-11-12 16:22:34.784653'),
(106, 10, 2, '2021-11-12 16:22:34.784653'),
(100, 1, 1, '2021-11-13 16:22:34.784653'),
(109, 1, 2, '2021-11-13 16:22:34.784653'),
(104, 1, 2, '2021-11-13 16:22:34.784653'),
(101, 1, 1, '2021-11-13 16:22:34.784653'),
(103, 1, 1, '2021-11-13 16:22:34.784653'),
(106, 1, 1, '2021-11-13 16:22:34.784653'),
(103, 2, 1, '2021-11-13 16:22:34.784653'),
(104, 2, 2, '2021-11-13 16:22:34.784653'),
(103, 2, 1, '2021-11-13 16:22:34.784653'),
(101, 2, 2, '2021-11-13 16:22:34.784653'),
(100, 3, 2, '2021-11-13 16:22:34.784653'),
(100, 3, 2, '2021-11-13 16:22:34.784653'),
(103, 3, 1, '2021-11-13 16:22:34.784653'),
(102, 3, 1, '2021-11-13 16:22:34.784653'),
(100, 3, 1, '2021-11-13 16:22:34.784653'),
(103, 3, 2, '2021-11-13 16:22:34.784653'),
(108, 3, 2, '2021-11-13 16:22:34.784653'),
(109, 3, 2, '2021-11-13 16:22:34.784653'),
(101, 4, 2, '2021-11-13 16:22:34.784653'),
(100, 4, 2, '2021-11-13 16:22:34.784653'),
(107, 4, 2, '2021-11-13 16:22:34.784653'),
(108, 4, 1, '2021-11-13 16:22:34.784653'),
(103, 4, 2, '2021-11-13 16:22:34.784653'),
(103, 5, 2, '2021-11-13 16:22:34.784653'),
(104, 5, 1, '2021-11-13 16:22:34.784653'),
(100, 5, 2, '2021-11-13 16:22:34.784653'),
(108, 5, 2, '2021-11-13 16:22:34.784653'),
(107, 5, 1, '2021-11-13 16:22:34.784653'),
(109, 5, 1, '2021-11-13 16:22:34.784653'),
(105, 6, 1, '2021-11-13 16:22:34.784653'),
(103, 6, 1, '2021-11-13 16:22:34.784653'),
(108, 6, 1, '2021-11-13 16:22:34.784653'),
(100, 6, 1, '2021-11-13 16:22:34.784653'),
(106, 6, 2, '2021-11-13 16:22:34.784653'),
(109, 6, 1, '2021-11-13 16:22:34.784653'),
(101, 6, 1, '2021-11-13 16:22:34.784653'),
(104, 6, 2, '2021-11-13 16:22:34.784653'),
(100, 7, 1, '2021-11-13 16:22:34.784653'),
(101, 7, 2, '2021-11-13 16:22:34.784653'),
(100, 7, 2, '2021-11-13 16:22:34.784653'),
(106, 7, 2, '2021-11-13 16:22:34.784653'),
(109, 7, 1, '2021-11-13 16:22:34.784653'),
(101, 7, 1, '2021-11-13 16:22:34.784653'),
(109, 8, 1, '2021-11-13 16:22:34.784653'),
(105, 8, 1, '2021-11-13 16:22:34.784653'),
(100, 8, 1, '2021-11-13 16:22:34.784653'),
(101, 8, 2, '2021-11-13 16:22:34.784653'),
(102, 8, 1, '2021-11-13 16:22:34.784653'),
(104, 8, 2, '2021-11-13 16:22:34.784653'),
(108, 8, 2, '2021-11-13 16:22:34.784653'),
(103, 8, 1, '2021-11-13 16:22:34.784653'),
(108, 9, 2, '2021-11-13 16:22:34.784653'),
(109, 9, 1, '2021-11-13 16:22:34.784653'),
(101, 9, 1, '2021-11-13 16:22:34.784653'),
(104, 9, 2, '2021-11-13 16:22:34.784653'),
(106, 9, 2, '2021-11-13 16:22:34.784653'),
(105, 10, 1, '2021-11-13 16:22:34.784653'),
(102, 10, 1, '2021-11-13 16:22:34.784653'),
(107, 10, 1, '2021-11-13 16:22:34.784653'),
(104, 10, 1, '2021-11-13 16:22:34.784653'),
(107, 10, 1, '2021-11-13 16:22:34.784653'),
(102, 10, 1, '2021-11-13 16:22:34.784653'),
(104, 10, 1, '2021-11-13 16:22:34.784653'),
(103, 10, 1, '2021-11-13 16:22:34.784653'),
(109, 1, 1, '2021-11-14 16:22:34.785653'),
(105, 1, 1, '2021-11-14 16:22:34.785653'),
(104, 1, 2, '2021-11-14 16:22:34.785653'),
(102, 1, 2, '2021-11-14 16:22:34.785653'),
(101, 1, 1, '2021-11-14 16:22:34.785653'),
(107, 2, 1, '2021-11-14 16:22:34.785653'),
(101, 2, 1, '2021-11-14 16:22:34.785653'),
(100, 2, 1, '2021-11-14 16:22:34.785653'),
(102, 2, 1, '2021-11-14 16:22:34.785653'),
(107, 2, 1, '2021-11-14 16:22:34.785653'),
(102, 2, 2, '2021-11-14 16:22:34.785653'),
(104, 2, 2, '2021-11-14 16:22:34.785653'),
(106, 3, 2, '2021-11-14 16:22:34.785653'),
(105, 3, 2, '2021-11-14 16:22:34.785653'),
(109, 3, 1, '2021-11-14 16:22:34.785653'),
(104, 3, 1, '2021-11-14 16:22:34.785653'),
(101, 3, 1, '2021-11-14 16:22:34.785653'),
(105, 3, 1, '2021-11-14 16:22:34.785653'),
(109, 3, 1, '2021-11-14 16:22:34.785653'),
(102, 3, 1, '2021-11-14 16:22:34.785653'),
(104, 3, 1, '2021-11-14 16:22:34.785653'),
(105, 4, 2, '2021-11-14 16:22:34.785653'),
(105, 4, 1, '2021-11-14 16:22:34.785653'),
(105, 4, 2, '2021-11-14 16:22:34.785653'),
(101, 4, 2, '2021-11-14 16:22:34.785653'),
(104, 4, 1, '2021-11-14 16:22:34.785653'),
(100, 4, 1, '2021-11-14 16:22:34.785653'),
(109, 4, 1, '2021-11-14 16:22:34.785653'),
(108, 4, 2, '2021-11-14 16:22:34.785653'),
(105, 4, 1, '2021-11-14 16:22:34.785653'),
(102, 4, 1, '2021-11-14 16:22:34.785653'),
(101, 4, 1, '2021-11-14 16:22:34.785653'),
(100, 4, 1, '2021-11-14 16:22:34.785653'),
(109, 4, 1, '2021-11-14 16:22:34.785653'),
(102, 4, 1, '2021-11-14 16:22:34.785653'),
(101, 5, 1, '2021-11-14 16:22:34.785653'),
(107, 5, 2, '2021-11-14 16:22:34.785653'),
(103, 5, 2, '2021-11-14 16:22:34.785653'),
(104, 5, 2, '2021-11-14 16:22:34.785653'),
(106, 6, 1, '2021-11-14 16:22:34.785653'),
(100, 6, 1, '2021-11-14 16:22:34.785653'),
(107, 6, 2, '2021-11-14 16:22:34.785653'),
(100, 6, 1, '2021-11-14 16:22:34.785653'),
(100, 6, 1, '2021-11-14 16:22:34.785653'),
(100, 6, 2, '2021-11-14 16:22:34.785653'),
(107, 6, 2, '2021-11-14 16:22:34.785653'),
(108, 6, 2, '2021-11-14 16:22:34.785653'),
(103, 6, 1, '2021-11-14 16:22:34.785653'),
(102, 6, 2, '2021-11-14 16:22:34.785653'),
(101, 6, 2, '2021-11-14 16:22:34.785653'),
(107, 7, 2, '2021-11-14 16:22:34.785653'),
(106, 7, 2, '2021-11-14 16:22:34.785653'),
(105, 7, 1, '2021-11-14 16:22:34.785653'),
(107, 7, 1, '2021-11-14 16:22:34.785653'),
(100, 7, 1, '2021-11-14 16:22:34.785653'),
(108, 7, 1, '2021-11-14 16:22:34.785653'),
(100, 7, 2, '2021-11-14 16:22:34.785653'),
(105, 7, 1, '2021-11-14 16:22:34.785653'),
(101, 7, 1, '2021-11-14 16:22:34.785653'),
(104, 7, 2, '2021-11-14 16:22:34.785653'),
(107, 7, 2, '2021-11-14 16:22:34.785653'),
(107, 7, 1, '2021-11-14 16:22:34.785653'),
(107, 8, 2, '2021-11-14 16:22:34.785653'),
(105, 8, 2, '2021-11-14 16:22:34.785653'),
(100, 8, 2, '2021-11-14 16:22:34.785653'),
(102, 8, 2, '2021-11-14 16:22:34.785653'),
(106, 8, 2, '2021-11-14 16:22:34.785653'),
(106, 8, 2, '2021-11-14 16:22:34.785653'),
(105, 8, 2, '2021-11-14 16:22:34.785653'),
(109, 8, 1, '2021-11-14 16:22:34.785653'),
(102, 9, 1, '2021-11-14 16:22:34.785653'),
(106, 9, 1, '2021-11-14 16:22:34.785653'),
(103, 9, 2, '2021-11-14 16:22:34.785653'),
(104, 9, 1, '2021-11-14 16:22:34.785653'),
(100, 9, 1, '2021-11-14 16:22:34.785653'),
(109, 9, 1, '2021-11-14 16:22:34.785653'),
(106, 10, 1, '2021-11-14 16:22:34.785653'),
(100, 10, 2, '2021-11-14 16:22:34.785653'),
(106, 10, 2, '2021-11-14 16:22:34.785653'),
(105, 10, 2, '2021-11-14 16:22:34.785653'),
(105, 10, 2, '2021-11-14 16:22:34.785653'),
(109, 10, 2, '2021-11-14 16:22:34.785653'),
(104, 10, 2, '2021-11-14 16:22:34.785653');