USE caloriedb;
DROP TABLE appusers;
DROP TABLE calorieinfo;
DROP TABLE foodhistory;

CREATE TABLE AppUsers
(userID int PRIMARY KEY AUTO_INCREMENT,
username VARCHAR(255) NOT NULL,
password VARCHAR(255) NOT NULL,
age smallint,
weight int,
height int,
goalWeight int
);

CREATE TABLE CalorieInfo
(itemID int PRIMARY KEY,
foodName VARCHAR(255) NOT NULL,
calorie int NOT NULL
);

CREATE TABLE FoodHistory
(itemID int,
userID int,
quantity int NOT NULL,
dateInfo date
);

INSERT INTO AppUsers VALUES
(1, 'Evans1', 'e6c3da5b206634d7f3f3586d747ffdb36b5c675757b380c6a5fe5c570c714349', 38, 199, 184, 172),
(2, 'Nalty2', '1ba3d16e9881959f8c9a9762854f72c6e6321cdd44358a10a4e939033117eab9', 38, 218, 192, 200),
(3, 'Zafar3', '3acb59306ef6e660cf832d1d34c4fba3d88d616f0bb5c2a9e0f82d18ef6fc167', 38, 204, 161, 184),
(4, 'Hills4', 'a417b5dc3d06d15d91c6687e27fc1705ebc56b3b2d813abe03066e5643fe4e74', 31, 195, 154, 167),
(5, 'Irwin5', '0eeac8171768d0cdef3a20fee6db4362d019c91e10662a6b55186336e1a42778', 21, 205, 155, 170),
(6, 'Jones6', '5c4950c94a3461441c356afa783f76b83b38fd65f730f291403efbcc798acc1f', 29, 213, 164, 202),
(7, 'Ochoa7', '1526f5e0e31d42fe1c3664ce923ac22ac1333417a90b32043797ac454cd03112', 38, 213, 194, 175),
(8, 'Usman8', 'c8fea5b0b76dc690feaf5544749f99b40e78e2a37c0e867a086696509416302a', 37, 173, 168, 157);

INSERT INTO CalorieInfo VALUES
(100, 'Apples', 20),
(101, 'Pretzels', 300),
(102, 'Ham Sandwich', 300),
(103, 'Apple Pie', 500),
(104, 'Burger', 540),
(105, 'Bananas', 20),
(106, 'Pasta', 320),
(107, 'Mocha Latte', 60),
(108, 'Coffee', 0),
(109, 'Kitkat', 210);

INSERT INTO FoodHistory VALUES
(106, 1, 1, '2021-10-30 19:52:56.359391'),
(100, 1, 1, '2021-10-30 19:52:56.359391'),
(104, 1, 1, '2021-10-30 19:52:56.359391'),
(106, 1, 1, '2021-10-30 19:52:56.359391'),
(105, 1, 1, '2021-10-30 19:52:56.359391'),
(107, 1, 2, '2021-10-30 19:52:56.359391'),
(105, 1, 2, '2021-10-30 19:52:56.359391'),
(108, 1, 2, '2021-10-30 19:52:56.359391'),
(106, 1, 1, '2021-10-30 19:52:56.359391'),
(105, 1, 2, '2021-10-30 19:52:56.359391'),
(100, 2, 1, '2021-10-30 19:52:56.359391'),
(102, 2, 2, '2021-10-30 19:52:56.359391'),
(108, 2, 1, '2021-10-30 19:52:56.359391'),
(108, 2, 1, '2021-10-30 19:52:56.359391'),
(102, 2, 1, '2021-10-30 19:52:56.359391'),
(101, 2, 2, '2021-10-30 19:52:56.359391'),
(108, 2, 1, '2021-10-30 19:52:56.359391'),
(105, 2, 1, '2021-10-30 19:52:56.359391'),
(106, 2, 1, '2021-10-30 19:52:56.359391'),
(107, 3, 2, '2021-10-30 19:52:56.359391'),
(105, 3, 1, '2021-10-30 19:52:56.359391'),
(103, 3, 1, '2021-10-30 19:52:56.359391'),
(100, 3, 2, '2021-10-30 19:52:56.359391'),
(100, 3, 1, '2021-10-30 19:52:56.359391'),
(100, 3, 1, '2021-10-30 19:52:56.359391'),
(104, 3, 2, '2021-10-30 19:52:56.359391'),
(105, 4, 1, '2021-10-30 19:52:56.359391'),
(107, 4, 2, '2021-10-30 19:52:56.359391'),
(104, 4, 2, '2021-10-30 19:52:56.359391'),
(106, 4, 1, '2021-10-30 19:52:56.359391'),
(102, 5, 1, '2021-10-30 19:52:56.359391'),
(106, 5, 2, '2021-10-30 19:52:56.359391'),
(101, 5, 1, '2021-10-30 19:52:56.359391'),
(104, 5, 1, '2021-10-30 19:52:56.359391'),
(107, 5, 1, '2021-10-30 19:52:56.359391'),
(104, 5, 1, '2021-10-30 19:52:56.359391'),
(106, 6, 2, '2021-10-30 19:52:56.359391'),
(102, 6, 1, '2021-10-30 19:52:56.359391'),
(107, 6, 1, '2021-10-30 19:52:56.359391'),
(101, 6, 2, '2021-10-30 19:52:56.359391'),
(105, 7, 1, '2021-10-30 19:52:56.359391'),
(101, 7, 2, '2021-10-30 19:52:56.359391'),
(109, 7, 2, '2021-10-30 19:52:56.359391'),
(105, 7, 2, '2021-10-30 19:52:56.359391'),
(100, 7, 1, '2021-10-30 19:52:56.359391'),
(103, 7, 2, '2021-10-30 19:52:56.359391'),
(102, 8, 2, '2021-10-30 19:52:56.359391'),
(107, 8, 1, '2021-10-30 19:52:56.359391'),
(106, 8, 1, '2021-10-30 19:52:56.359391'),
(107, 8, 2, '2021-10-30 19:52:56.359391'),
(108, 8, 1, '2021-10-30 19:52:56.359391'),
(108, 8, 2, '2021-10-30 19:52:56.359391'),
(100, 8, 2, '2021-10-30 19:52:56.359391'),
(102, 8, 1, '2021-10-30 19:52:56.359391'),
(100, 8, 1, '2021-10-30 19:52:56.359391'),
(105, 8, 1, '2021-10-30 19:52:56.359391'),
(100, 8, 2, '2021-10-30 19:52:56.359391'),
(104, 8, 2, '2021-10-30 19:52:56.359391'),
(104, 1, 2, '2021-10-31 19:52:56.359391'),
(108, 1, 1, '2021-10-31 19:52:56.359391'),
(108, 1, 1, '2021-10-31 19:52:56.359391'),
(102, 1, 2, '2021-10-31 19:52:56.359391'),
(103, 1, 1, '2021-10-31 19:52:56.359391'),
(105, 2, 1, '2021-10-31 19:52:56.359391'),
(105, 2, 2, '2021-10-31 19:52:56.359391'),
(107, 2, 1, '2021-10-31 19:52:56.359391'),
(100, 2, 1, '2021-10-31 19:52:56.359391'),
(108, 2, 1, '2021-10-31 19:52:56.359391'),
(107, 2, 1, '2021-10-31 19:52:56.359391'),
(102, 2, 2, '2021-10-31 19:52:56.359391'),
(109, 2, 2, '2021-10-31 19:52:56.359391'),
(104, 2, 2, '2021-10-31 19:52:56.359391'),
(107, 3, 2, '2021-10-31 19:52:56.359391'),
(100, 3, 1, '2021-10-31 19:52:56.359391'),
(107, 3, 2, '2021-10-31 19:52:56.359391'),
(104, 3, 1, '2021-10-31 19:52:56.359391'),
(100, 3, 2, '2021-10-31 19:52:56.359391'),
(105, 3, 1, '2021-10-31 19:52:56.359391'),
(105, 3, 2, '2021-10-31 19:52:56.359391'),
(108, 3, 1, '2021-10-31 19:52:56.359391'),
(102, 3, 2, '2021-10-31 19:52:56.359391'),
(105, 3, 1, '2021-10-31 19:52:56.359391'),
(104, 3, 2, '2021-10-31 19:52:56.359391'),
(108, 4, 1, '2021-10-31 19:52:56.359391'),
(103, 4, 2, '2021-10-31 19:52:56.359391'),
(106, 4, 1, '2021-10-31 19:52:56.359391'),
(105, 4, 2, '2021-10-31 19:52:56.359391'),
(108, 4, 2, '2021-10-31 19:52:56.359391'),
(109, 4, 2, '2021-10-31 19:52:56.359391'),
(108, 4, 2, '2021-10-31 19:52:56.359391'),
(102, 4, 1, '2021-10-31 19:52:56.359391'),
(109, 5, 2, '2021-10-31 19:52:56.359391'),
(106, 5, 2, '2021-10-31 19:52:56.359391'),
(101, 5, 1, '2021-10-31 19:52:56.359391'),
(105, 5, 1, '2021-10-31 19:52:56.359391'),
(108, 5, 2, '2021-10-31 19:52:56.359391'),
(103, 5, 1, '2021-10-31 19:52:56.359391'),
(107, 6, 1, '2021-10-31 19:52:56.359391'),
(105, 6, 2, '2021-10-31 19:52:56.359391'),
(104, 6, 2, '2021-10-31 19:52:56.359391'),
(100, 6, 1, '2021-10-31 19:52:56.359391'),
(107, 6, 1, '2021-10-31 19:52:56.359391'),
(107, 6, 1, '2021-10-31 19:52:56.359391'),
(102, 6, 2, '2021-10-31 19:52:56.359391'),
(107, 6, 1, '2021-10-31 19:52:56.359391'),
(108, 6, 1, '2021-10-31 19:52:56.359391'),
(106, 6, 1, '2021-10-31 19:52:56.359391'),
(108, 6, 1, '2021-10-31 19:52:56.359391'),
(104, 6, 1, '2021-10-31 19:52:56.359391'),
(102, 7, 2, '2021-10-31 19:52:56.359391'),
(103, 7, 2, '2021-10-31 19:52:56.359391'),
(106, 7, 2, '2021-10-31 19:52:56.359391'),
(108, 8, 2, '2021-10-31 19:52:56.359391'),
(100, 8, 1, '2021-10-31 19:52:56.359391'),
(109, 8, 1, '2021-10-31 19:52:56.359391'),
(108, 8, 1, '2021-10-31 19:52:56.359391'),
(105, 8, 2, '2021-10-31 19:52:56.359391'),
(101, 8, 2, '2021-10-31 19:52:56.359391'),
(101, 8, 2, '2021-10-31 19:52:56.359391'),
(105, 8, 1, '2021-10-31 19:52:56.359391'),
(106, 8, 2, '2021-10-31 19:52:56.359391'),
(108, 1, 1, '2021-11-01 19:52:56.360390'),
(104, 1, 2, '2021-11-01 19:52:56.360390'),
(106, 1, 2, '2021-11-01 19:52:56.360390'),
(108, 1, 2, '2021-11-01 19:52:56.360390'),
(100, 1, 1, '2021-11-01 19:52:56.360390'),
(103, 1, 1, '2021-11-01 19:52:56.360390'),
(102, 1, 2, '2021-11-01 19:52:56.360390'),
(106, 2, 2, '2021-11-01 19:52:56.360390'),
(104, 2, 2, '2021-11-01 19:52:56.360390'),
(106, 3, 1, '2021-11-01 19:52:56.360390'),
(106, 3, 1, '2021-11-01 19:52:56.360390'),
(107, 3, 1, '2021-11-01 19:52:56.360390'),
(102, 3, 1, '2021-11-01 19:52:56.360390'),
(108, 3, 2, '2021-11-01 19:52:56.360390'),
(101, 3, 2, '2021-11-01 19:52:56.360390'),
(108, 3, 2, '2021-11-01 19:52:56.360390'),
(107, 3, 2, '2021-11-01 19:52:56.360390'),
(107, 4, 2, '2021-11-01 19:52:56.360390'),
(101, 4, 2, '2021-11-01 19:52:56.360390'),
(109, 4, 2, '2021-11-01 19:52:56.360390'),
(109, 4, 1, '2021-11-01 19:52:56.360390'),
(101, 4, 1, '2021-11-01 19:52:56.360390'),
(101, 4, 1, '2021-11-01 19:52:56.360390'),
(101, 4, 1, '2021-11-01 19:52:56.360390'),
(105, 4, 2, '2021-11-01 19:52:56.360390'),
(103, 4, 1, '2021-11-01 19:52:56.360390'),
(106, 5, 2, '2021-11-01 19:52:56.360390'),
(103, 5, 1, '2021-11-01 19:52:56.360390'),
(100, 5, 1, '2021-11-01 19:52:56.360390'),
(103, 5, 2, '2021-11-01 19:52:56.360390'),
(103, 5, 2, '2021-11-01 19:52:56.360390'),
(101, 6, 1, '2021-11-01 19:52:56.360390'),
(104, 6, 2, '2021-11-01 19:52:56.360390'),
(109, 6, 1, '2021-11-01 19:52:56.360390'),
(102, 6, 1, '2021-11-01 19:52:56.360390'),
(108, 6, 1, '2021-11-01 19:52:56.360390'),
(109, 6, 1, '2021-11-01 19:52:56.360390'),
(106, 6, 1, '2021-11-01 19:52:56.360390'),
(103, 7, 2, '2021-11-01 19:52:56.360390'),
(106, 7, 2, '2021-11-01 19:52:56.360390'),
(100, 7, 2, '2021-11-01 19:52:56.360390'),
(109, 7, 2, '2021-11-01 19:52:56.360390'),
(103, 7, 2, '2021-11-01 19:52:56.360390'),
(104, 8, 1, '2021-11-01 19:52:56.360390'),
(102, 8, 1, '2021-11-01 19:52:56.360390'),
(106, 8, 2, '2021-11-01 19:52:56.360390'),
(106, 8, 1, '2021-11-01 19:52:56.360390'),
(100, 8, 1, '2021-11-01 19:52:56.360390'),
(104, 8, 1, '2021-11-01 19:52:56.360390'),
(108, 1, 1, '2021-11-02 19:52:56.361401'),
(103, 1, 1, '2021-11-02 19:52:56.361401'),
(104, 1, 1, '2021-11-02 19:52:56.361401'),
(105, 1, 1, '2021-11-02 19:52:56.361401'),
(105, 1, 1, '2021-11-02 19:52:56.361401'),
(100, 1, 1, '2021-11-02 19:52:56.361401'),
(100, 1, 2, '2021-11-02 19:52:56.361401'),
(102, 1, 2, '2021-11-02 19:52:56.361401'),
(107, 1, 2, '2021-11-02 19:52:56.361401'),
(100, 2, 2, '2021-11-02 19:52:56.361401'),
(100, 2, 1, '2021-11-02 19:52:56.361401'),
(109, 2, 1, '2021-11-02 19:52:56.361401'),
(105, 2, 1, '2021-11-02 19:52:56.361401'),
(109, 2, 2, '2021-11-02 19:52:56.361401'),
(102, 2, 2, '2021-11-02 19:52:56.361401'),
(105, 2, 1, '2021-11-02 19:52:56.361401'),
(105, 2, 1, '2021-11-02 19:52:56.361401'),
(109, 2, 1, '2021-11-02 19:52:56.361401'),
(105, 2, 1, '2021-11-02 19:52:56.361401'),
(107, 2, 2, '2021-11-02 19:52:56.361401'),
(107, 3, 2, '2021-11-02 19:52:56.361401'),
(108, 3, 2, '2021-11-02 19:52:56.361401'),
(109, 3, 2, '2021-11-02 19:52:56.361401'),
(103, 3, 1, '2021-11-02 19:52:56.361401'),
(104, 3, 2, '2021-11-02 19:52:56.361401'),
(100, 3, 2, '2021-11-02 19:52:56.361401'),
(105, 3, 2, '2021-11-02 19:52:56.361401'),
(101, 3, 1, '2021-11-02 19:52:56.361401'),
(107, 4, 2, '2021-11-02 19:52:56.361401'),
(105, 4, 1, '2021-11-02 19:52:56.361401'),
(108, 4, 2, '2021-11-02 19:52:56.361401'),
(104, 4, 1, '2021-11-02 19:52:56.361401'),
(101, 4, 1, '2021-11-02 19:52:56.361401'),
(108, 4, 1, '2021-11-02 19:52:56.361401'),
(108, 4, 2, '2021-11-02 19:52:56.361401'),
(108, 4, 1, '2021-11-02 19:52:56.361401'),
(106, 4, 2, '2021-11-02 19:52:56.361401'),
(102, 4, 1, '2021-11-02 19:52:56.361401'),
(109, 4, 1, '2021-11-02 19:52:56.361401'),
(105, 4, 2, '2021-11-02 19:52:56.361401'),
(105, 4, 2, '2021-11-02 19:52:56.361401'),
(108, 4, 2, '2021-11-02 19:52:56.361401'),
(102, 4, 1, '2021-11-02 19:52:56.361401'),
(103, 5, 2, '2021-11-02 19:52:56.361401'),
(104, 5, 1, '2021-11-02 19:52:56.361401'),
(108, 5, 1, '2021-11-02 19:52:56.361401'),
(102, 5, 2, '2021-11-02 19:52:56.361401'),
(107, 6, 2, '2021-11-02 19:52:56.361401'),
(104, 6, 2, '2021-11-02 19:52:56.361401'),
(107, 6, 1, '2021-11-02 19:52:56.361401'),
(103, 6, 1, '2021-11-02 19:52:56.361401'),
(106, 6, 1, '2021-11-02 19:52:56.361401'),
(101, 6, 1, '2021-11-02 19:52:56.361401'),
(101, 7, 1, '2021-11-02 19:52:56.361401'),
(105, 7, 2, '2021-11-02 19:52:56.361401'),
(107, 7, 2, '2021-11-02 19:52:56.361401'),
(106, 7, 2, '2021-11-02 19:52:56.361401'),
(103, 7, 1, '2021-11-02 19:52:56.361401'),
(103, 7, 2, '2021-11-02 19:52:56.361401'),
(108, 8, 1, '2021-11-02 19:52:56.361401'),
(107, 8, 2, '2021-11-02 19:52:56.361401'),
(107, 8, 1, '2021-11-02 19:52:56.361401'),
(105, 8, 1, '2021-11-02 19:52:56.361401'),
(100, 8, 2, '2021-11-02 19:52:56.361401'),
(101, 8, 1, '2021-11-02 19:52:56.361401'),
(105, 8, 2, '2021-11-02 19:52:56.361401'),
(101, 8, 2, '2021-11-02 19:52:56.361401'),
(105, 8, 1, '2021-11-02 19:52:56.361401'),
(101, 8, 1, '2021-11-02 19:52:56.361401'),
(107, 8, 2, '2021-11-02 19:52:56.361401'),
(107, 8, 2, '2021-11-02 19:52:56.361401'),
(102, 1, 1, '2021-11-03 19:52:56.363403'),
(104, 1, 1, '2021-11-03 19:52:56.363403'),
(105, 1, 2, '2021-11-03 19:52:56.363403'),
(103, 1, 2, '2021-11-03 19:52:56.363403'),
(104, 1, 1, '2021-11-03 19:52:56.363403'),
(100, 2, 1, '2021-11-03 19:52:56.363403'),
(104, 2, 2, '2021-11-03 19:52:56.363403'),
(108, 2, 1, '2021-11-03 19:52:56.363403'),
(103, 2, 2, '2021-11-03 19:52:56.363403'),
(109, 3, 2, '2021-11-03 19:52:56.363403'),
(108, 3, 1, '2021-11-03 19:52:56.363403'),
(100, 3, 2, '2021-11-03 19:52:56.363403'),
(100, 3, 1, '2021-11-03 19:52:56.363403'),
(102, 3, 2, '2021-11-03 19:52:56.363403'),
(102, 3, 2, '2021-11-03 19:52:56.363403'),
(107, 3, 2, '2021-11-03 19:52:56.363403'),
(105, 3, 1, '2021-11-03 19:52:56.363403'),
(104, 3, 1, '2021-11-03 19:52:56.363403'),
(100, 3, 1, '2021-11-03 19:52:56.363403'),
(105, 3, 2, '2021-11-03 19:52:56.363403'),
(107, 4, 1, '2021-11-03 19:52:56.363403'),
(108, 4, 2, '2021-11-03 19:52:56.363403'),
(109, 4, 2, '2021-11-03 19:52:56.363403'),
(107, 4, 1, '2021-11-03 19:52:56.363403'),
(107, 4, 1, '2021-11-03 19:52:56.363403'),
(107, 4, 1, '2021-11-03 19:52:56.363403'),
(106, 4, 2, '2021-11-03 19:52:56.363403'),
(109, 4, 1, '2021-11-03 19:52:56.363403'),
(109, 4, 2, '2021-11-03 19:52:56.363403'),
(106, 4, 1, '2021-11-03 19:52:56.363403'),
(104, 5, 2, '2021-11-03 19:52:56.363403'),
(102, 5, 1, '2021-11-03 19:52:56.363403'),
(108, 5, 2, '2021-11-03 19:52:56.363403'),
(107, 5, 2, '2021-11-03 19:52:56.363403'),
(104, 5, 1, '2021-11-03 19:52:56.363403'),
(108, 6, 2, '2021-11-03 19:52:56.363403'),
(104, 6, 1, '2021-11-03 19:52:56.363403'),
(101, 6, 1, '2021-11-03 19:52:56.363403'),
(106, 6, 1, '2021-11-03 19:52:56.363403'),
(109, 6, 2, '2021-11-03 19:52:56.363403'),
(100, 6, 1, '2021-11-03 19:52:56.363403'),
(103, 6, 2, '2021-11-03 19:52:56.363403'),
(102, 7, 1, '2021-11-03 19:52:56.363403'),
(103, 7, 1, '2021-11-03 19:52:56.363403'),
(105, 7, 2, '2021-11-03 19:52:56.363403'),
(100, 7, 2, '2021-11-03 19:52:56.363403'),
(101, 7, 2, '2021-11-03 19:52:56.363403'),
(102, 7, 2, '2021-11-03 19:52:56.363403'),
(103, 8, 1, '2021-11-03 19:52:56.363403'),
(107, 8, 1, '2021-11-03 19:52:56.363403'),
(101, 8, 2, '2021-11-03 19:52:56.363403'),
(109, 8, 2, '2021-11-03 19:52:56.363403'),
(102, 8, 1, '2021-11-03 19:52:56.363403'),
(103, 8, 1, '2021-11-03 19:52:56.363403'),
(102, 1, 2, '2021-11-04 19:52:56.364398'),
(105, 1, 2, '2021-11-04 19:52:56.364398'),
(106, 1, 1, '2021-11-04 19:52:56.364398'),
(107, 1, 1, '2021-11-04 19:52:56.364398'),
(100, 1, 1, '2021-11-04 19:52:56.364398'),
(100, 1, 2, '2021-11-04 19:52:56.364398'),
(102, 1, 2, '2021-11-04 19:52:56.364398'),
(104, 1, 2, '2021-11-04 19:52:56.364398'),
(102, 2, 1, '2021-11-04 19:52:56.364398'),
(101, 2, 2, '2021-11-04 19:52:56.364398'),
(105, 2, 2, '2021-11-04 19:52:56.364398'),
(109, 2, 1, '2021-11-04 19:52:56.364398'),
(106, 2, 2, '2021-11-04 19:52:56.364398'),
(100, 3, 2, '2021-11-04 19:52:56.364398'),
(100, 3, 2, '2021-11-04 19:52:56.364398'),
(104, 3, 2, '2021-11-04 19:52:56.364398'),
(105, 3, 2, '2021-11-04 19:52:56.364398'),
(104, 3, 1, '2021-11-04 19:52:56.364398'),
(101, 3, 1, '2021-11-04 19:52:56.364398'),
(106, 3, 2, '2021-11-04 19:52:56.364398'),
(102, 4, 1, '2021-11-04 19:52:56.364398'),
(108, 4, 2, '2021-11-04 19:52:56.364398'),
(104, 4, 1, '2021-11-04 19:52:56.364398'),
(105, 4, 2, '2021-11-04 19:52:56.364398'),
(109, 4, 2, '2021-11-04 19:52:56.364398'),
(103, 4, 1, '2021-11-04 19:52:56.364398'),
(100, 5, 2, '2021-11-04 19:52:56.364398'),
(106, 5, 2, '2021-11-04 19:52:56.364398'),
(104, 5, 2, '2021-11-04 19:52:56.364398'),
(103, 5, 2, '2021-11-04 19:52:56.364398'),
(103, 6, 2, '2021-11-04 19:52:56.364398'),
(108, 6, 1, '2021-11-04 19:52:56.364398'),
(101, 6, 2, '2021-11-04 19:52:56.364398'),
(108, 6, 2, '2021-11-04 19:52:56.364398'),
(102, 6, 1, '2021-11-04 19:52:56.364398'),
(108, 7, 2, '2021-11-04 19:52:56.364398'),
(102, 7, 2, '2021-11-04 19:52:56.364398'),
(105, 7, 1, '2021-11-04 19:52:56.364398'),
(107, 7, 1, '2021-11-04 19:52:56.364398'),
(100, 7, 1, '2021-11-04 19:52:56.364398'),
(103, 7, 1, '2021-11-04 19:52:56.364398'),
(106, 7, 1, '2021-11-04 19:52:56.364398'),
(108, 7, 1, '2021-11-04 19:52:56.364398'),
(100, 7, 2, '2021-11-04 19:52:56.364398'),
(102, 7, 2, '2021-11-04 19:52:56.364398'),
(105, 8, 1, '2021-11-04 19:52:56.364398'),
(103, 8, 1, '2021-11-04 19:52:56.364398'),
(107, 8, 1, '2021-11-04 19:52:56.364398'),
(107, 8, 2, '2021-11-04 19:52:56.364398'),
(106, 8, 1, '2021-11-04 19:52:56.364398'),
(101, 8, 2, '2021-11-04 19:52:56.364398'),
(100, 8, 1, '2021-11-04 19:52:56.364398'),
(101, 8, 2, '2021-11-04 19:52:56.364398'),
(108, 8, 2, '2021-11-04 19:52:56.364398'),
(108, 8, 2, '2021-11-04 19:52:56.364398'),
(101, 8, 2, '2021-11-04 19:52:56.364398'),
(102, 1, 2, '2021-11-05 19:52:56.365402'),
(104, 1, 2, '2021-11-05 19:52:56.365402'),
(102, 1, 1, '2021-11-05 19:52:56.365402'),
(102, 1, 1, '2021-11-05 19:52:56.365402'),
(103, 2, 1, '2021-11-05 19:52:56.365402'),
(107, 2, 1, '2021-11-05 19:52:56.365402'),
(102, 2, 2, '2021-11-05 19:52:56.365402'),
(107, 2, 2, '2021-11-05 19:52:56.365402'),
(108, 2, 1, '2021-11-05 19:52:56.365402'),
(109, 2, 2, '2021-11-05 19:52:56.365402'),
(103, 2, 2, '2021-11-05 19:52:56.365402'),
(109, 3, 1, '2021-11-05 19:52:56.365402'),
(108, 3, 2, '2021-11-05 19:52:56.365402'),
(106, 3, 2, '2021-11-05 19:52:56.365402'),
(109, 3, 2, '2021-11-05 19:52:56.365402'),
(109, 3, 2, '2021-11-05 19:52:56.365402'),
(100, 3, 1, '2021-11-05 19:52:56.365402'),
(101, 3, 2, '2021-11-05 19:52:56.365402'),
(102, 4, 2, '2021-11-05 19:52:56.365402'),
(106, 4, 2, '2021-11-05 19:52:56.365402'),
(105, 4, 2, '2021-11-05 19:52:56.365402'),
(109, 4, 2, '2021-11-05 19:52:56.365402'),
(106, 5, 1, '2021-11-05 19:52:56.365402'),
(106, 5, 2, '2021-11-05 19:52:56.365402'),
(105, 5, 2, '2021-11-05 19:52:56.365402'),
(106, 5, 2, '2021-11-05 19:52:56.365402'),
(107, 5, 2, '2021-11-05 19:52:56.365402'),
(101, 5, 2, '2021-11-05 19:52:56.365402'),
(107, 5, 1, '2021-11-05 19:52:56.365402'),
(102, 5, 2, '2021-11-05 19:52:56.365402'),
(105, 6, 1, '2021-11-05 19:52:56.365402'),
(106, 6, 1, '2021-11-05 19:52:56.365402'),
(104, 6, 2, '2021-11-05 19:52:56.365402'),
(106, 6, 1, '2021-11-05 19:52:56.365402'),
(105, 7, 1, '2021-11-05 19:52:56.365402'),
(106, 7, 2, '2021-11-05 19:52:56.365402'),
(103, 7, 1, '2021-11-05 19:52:56.365402'),
(109, 7, 1, '2021-11-05 19:52:56.365402'),
(101, 7, 2, '2021-11-05 19:52:56.365402'),
(100, 7, 2, '2021-11-05 19:52:56.365402'),
(100, 7, 2, '2021-11-05 19:52:56.365402'),
(109, 7, 1, '2021-11-05 19:52:56.365402'),
(106, 7, 1, '2021-11-05 19:52:56.365402'),
(101, 8, 2, '2021-11-05 19:52:56.365402'),
(102, 8, 1, '2021-11-05 19:52:56.365402'),
(109, 8, 1, '2021-11-05 19:52:56.365402'),
(102, 8, 1, '2021-11-05 19:52:56.365402'),
(100, 8, 2, '2021-11-05 19:52:56.365402'),
(102, 8, 1, '2021-11-05 19:52:56.365402'),
(100, 1, 1, '2021-11-06 19:52:56.366400'),
(102, 1, 1, '2021-11-06 19:52:56.366400'),
(106, 1, 2, '2021-11-06 19:52:56.366400'),
(105, 1, 2, '2021-11-06 19:52:56.366400'),
(104, 1, 1, '2021-11-06 19:52:56.366400'),
(100, 1, 1, '2021-11-06 19:52:56.366400'),
(108, 1, 1, '2021-11-06 19:52:56.366400'),
(104, 1, 2, '2021-11-06 19:52:56.366400'),
(104, 2, 1, '2021-11-06 19:52:56.366400'),
(101, 2, 2, '2021-11-06 19:52:56.366400'),
(103, 2, 1, '2021-11-06 19:52:56.366400'),
(100, 2, 2, '2021-11-06 19:52:56.366400'),
(107, 2, 1, '2021-11-06 19:52:56.366400'),
(108, 2, 1, '2021-11-06 19:52:56.366400'),
(107, 2, 2, '2021-11-06 19:52:56.366400'),
(102, 3, 1, '2021-11-06 19:52:56.366400'),
(101, 3, 2, '2021-11-06 19:52:56.366400'),
(102, 3, 2, '2021-11-06 19:52:56.366400'),
(103, 3, 2, '2021-11-06 19:52:56.366400'),
(105, 4, 2, '2021-11-06 19:52:56.366400'),
(100, 4, 2, '2021-11-06 19:52:56.366400'),
(105, 4, 1, '2021-11-06 19:52:56.366400'),
(108, 4, 1, '2021-11-06 19:52:56.366400'),
(101, 4, 1, '2021-11-06 19:52:56.366400'),
(107, 4, 2, '2021-11-06 19:52:56.366400'),
(104, 4, 1, '2021-11-06 19:52:56.366400'),
(103, 4, 1, '2021-11-06 19:52:56.366400'),
(106, 5, 1, '2021-11-06 19:52:56.366400'),
(105, 5, 1, '2021-11-06 19:52:56.366400'),
(106, 5, 2, '2021-11-06 19:52:56.366400'),
(106, 5, 2, '2021-11-06 19:52:56.366400'),
(108, 6, 2, '2021-11-06 19:52:56.366400'),
(106, 6, 1, '2021-11-06 19:52:56.366400'),
(108, 6, 1, '2021-11-06 19:52:56.366400'),
(107, 6, 1, '2021-11-06 19:52:56.366400'),
(104, 6, 2, '2021-11-06 19:52:56.366400'),
(100, 6, 2, '2021-11-06 19:52:56.366400'),
(102, 6, 2, '2021-11-06 19:52:56.366400'),
(100, 7, 2, '2021-11-06 19:52:56.366400'),
(109, 7, 1, '2021-11-06 19:52:56.366400'),
(100, 7, 2, '2021-11-06 19:52:56.366400'),
(108, 7, 2, '2021-11-06 19:52:56.366400'),
(109, 7, 2, '2021-11-06 19:52:56.366400'),
(104, 7, 1, '2021-11-06 19:52:56.366400'),
(105, 7, 1, '2021-11-06 19:52:56.366400'),
(104, 7, 2, '2021-11-06 19:52:56.366400'),
(104, 8, 1, '2021-11-06 19:52:56.366400'),
(100, 8, 1, '2021-11-06 19:52:56.366400'),
(100, 8, 2, '2021-11-06 19:52:56.366400'),
(105, 8, 2, '2021-11-06 19:52:56.366400'),
(107, 8, 1, '2021-11-06 19:52:56.366400'),
(102, 8, 2, '2021-11-06 19:52:56.366400'),
(106, 8, 2, '2021-11-06 19:52:56.366400'),
(105, 8, 1, '2021-11-06 19:52:56.366400'),
(109, 8, 2, '2021-11-06 19:52:56.366400'),
(105, 1, 1, '2021-11-07 19:52:56.367394'),
(102, 1, 2, '2021-11-07 19:52:56.367394'),
(109, 1, 1, '2021-11-07 19:52:56.367394'),
(101, 1, 1, '2021-11-07 19:52:56.367394'),
(105, 1, 2, '2021-11-07 19:52:56.367394'),
(100, 1, 1, '2021-11-07 19:52:56.367394'),
(108, 1, 2, '2021-11-07 19:52:56.367394'),
(105, 1, 1, '2021-11-07 19:52:56.367394'),
(104, 1, 1, '2021-11-07 19:52:56.367394'),
(107, 1, 1, '2021-11-07 19:52:56.367394'),
(100, 1, 2, '2021-11-07 19:52:56.367394'),
(106, 1, 1, '2021-11-07 19:52:56.367394'),
(105, 2, 2, '2021-11-07 19:52:56.367394'),
(106, 2, 2, '2021-11-07 19:52:56.367394'),
(106, 2, 1, '2021-11-07 19:52:56.367394'),
(109, 2, 2, '2021-11-07 19:52:56.367394'),
(108, 2, 1, '2021-11-07 19:52:56.367394'),
(109, 2, 2, '2021-11-07 19:52:56.367394'),
(106, 2, 2, '2021-11-07 19:52:56.367394'),
(102, 3, 2, '2021-11-07 19:52:56.367394'),
(109, 3, 2, '2021-11-07 19:52:56.367394'),
(100, 3, 2, '2021-11-07 19:52:56.367394'),
(106, 3, 2, '2021-11-07 19:52:56.367394'),
(100, 4, 1, '2021-11-07 19:52:56.367394'),
(103, 4, 2, '2021-11-07 19:52:56.367394'),
(106, 4, 1, '2021-11-07 19:52:56.367394'),
(107, 4, 1, '2021-11-07 19:52:56.367394'),
(105, 4, 2, '2021-11-07 19:52:56.367394'),
(109, 4, 1, '2021-11-07 19:52:56.367394'),
(107, 5, 2, '2021-11-07 19:52:56.367394'),
(102, 5, 1, '2021-11-07 19:52:56.367394'),
(105, 5, 2, '2021-11-07 19:52:56.367394'),
(105, 5, 2, '2021-11-07 19:52:56.367394'),
(100, 5, 1, '2021-11-07 19:52:56.367394'),
(108, 5, 1, '2021-11-07 19:52:56.367394'),
(100, 5, 2, '2021-11-07 19:52:56.367394'),
(103, 5, 1, '2021-11-07 19:52:56.367394'),
(102, 5, 2, '2021-11-07 19:52:56.367394'),
(104, 5, 1, '2021-11-07 19:52:56.367394'),
(107, 5, 1, '2021-11-07 19:52:56.367394'),
(108, 6, 2, '2021-11-07 19:52:56.367394'),
(108, 6, 2, '2021-11-07 19:52:56.367394'),
(104, 6, 2, '2021-11-07 19:52:56.367394'),
(103, 6, 1, '2021-11-07 19:52:56.367394'),
(103, 6, 2, '2021-11-07 19:52:56.367394'),
(108, 7, 1, '2021-11-07 19:52:56.367394'),
(103, 7, 1, '2021-11-07 19:52:56.367394'),
(103, 7, 2, '2021-11-07 19:52:56.367394'),
(109, 7, 1, '2021-11-07 19:52:56.367394'),
(101, 7, 1, '2021-11-07 19:52:56.367394'),
(107, 7, 1, '2021-11-07 19:52:56.367394'),
(109, 7, 2, '2021-11-07 19:52:56.367394'),
(109, 8, 2, '2021-11-07 19:52:56.367394'),
(108, 8, 1, '2021-11-07 19:52:56.367394'),
(102, 8, 1, '2021-11-07 19:52:56.367394'),
(103, 8, 1, '2021-11-07 19:52:56.367394'),
(104, 8, 2, '2021-11-07 19:52:56.367394'),
(101, 1, 1, '2021-11-08 19:52:56.368397'),
(103, 1, 2, '2021-11-08 19:52:56.368397'),
(104, 1, 1, '2021-11-08 19:52:56.368397'),
(102, 2, 1, '2021-11-08 19:52:56.368397'),
(107, 2, 2, '2021-11-08 19:52:56.368397'),
(107, 2, 2, '2021-11-08 19:52:56.368397'),
(108, 2, 2, '2021-11-08 19:52:56.368397'),
(105, 2, 1, '2021-11-08 19:52:56.368397'),
(100, 2, 2, '2021-11-08 19:52:56.368397'),
(104, 2, 2, '2021-11-08 19:52:56.368397'),
(104, 2, 1, '2021-11-08 19:52:56.368397'),
(108, 3, 2, '2021-11-08 19:52:56.368397'),
(104, 3, 1, '2021-11-08 19:52:56.368397'),
(104, 3, 2, '2021-11-08 19:52:56.368397'),
(103, 3, 2, '2021-11-08 19:52:56.368397'),
(107, 4, 2, '2021-11-08 19:52:56.368397'),
(108, 4, 1, '2021-11-08 19:52:56.368397'),
(106, 4, 1, '2021-11-08 19:52:56.368397'),
(103, 4, 1, '2021-11-08 19:52:56.368397'),
(101, 4, 1, '2021-11-08 19:52:56.368397'),
(107, 4, 1, '2021-11-08 19:52:56.368397'),
(106, 4, 1, '2021-11-08 19:52:56.368397'),
(104, 4, 2, '2021-11-08 19:52:56.368397'),
(109, 5, 1, '2021-11-08 19:52:56.368397'),
(103, 5, 1, '2021-11-08 19:52:56.368397'),
(107, 5, 1, '2021-11-08 19:52:56.368397'),
(108, 5, 2, '2021-11-08 19:52:56.368397'),
(106, 5, 2, '2021-11-08 19:52:56.368397'),
(102, 5, 1, '2021-11-08 19:52:56.368397'),
(102, 5, 2, '2021-11-08 19:52:56.368397'),
(103, 5, 2, '2021-11-08 19:52:56.368397'),
(106, 6, 1, '2021-11-08 19:52:56.368397'),
(100, 6, 1, '2021-11-08 19:52:56.368397'),
(101, 6, 2, '2021-11-08 19:52:56.368397'),
(108, 6, 2, '2021-11-08 19:52:56.368397'),
(108, 6, 1, '2021-11-08 19:52:56.368397'),
(109, 6, 2, '2021-11-08 19:52:56.368397'),
(104, 6, 2, '2021-11-08 19:52:56.368397'),
(108, 6, 2, '2021-11-08 19:52:56.368397'),
(103, 6, 1, '2021-11-08 19:52:56.368397'),
(100, 7, 2, '2021-11-08 19:52:56.368397'),
(102, 7, 1, '2021-11-08 19:52:56.368397'),
(106, 7, 1, '2021-11-08 19:52:56.368397'),
(102, 7, 2, '2021-11-08 19:52:56.368397'),
(105, 7, 1, '2021-11-08 19:52:56.368397'),
(100, 7, 1, '2021-11-08 19:52:56.368397'),
(108, 7, 2, '2021-11-08 19:52:56.368397'),
(101, 7, 2, '2021-11-08 19:52:56.368397'),
(101, 8, 1, '2021-11-08 19:52:56.368397'),
(105, 8, 2, '2021-11-08 19:52:56.368397'),
(105, 8, 2, '2021-11-08 19:52:56.368397'),
(105, 8, 2, '2021-11-08 19:52:56.368397'),
(108, 8, 1, '2021-11-08 19:52:56.368397'),
(109, 8, 2, '2021-11-08 19:52:56.368397'),
(106, 8, 2, '2021-11-08 19:52:56.368397'),
(105, 8, 2, '2021-11-08 19:52:56.368397'),
(106, 8, 2, '2021-11-08 19:52:56.368397'),
(104, 1, 2, '2021-11-09 19:52:56.369395'),
(100, 1, 2, '2021-11-09 19:52:56.369395'),
(109, 1, 2, '2021-11-09 19:52:56.369395'),
(106, 1, 1, '2021-11-09 19:52:56.369395'),
(108, 1, 2, '2021-11-09 19:52:56.369395'),
(103, 1, 1, '2021-11-09 19:52:56.369395'),
(102, 2, 2, '2021-11-09 19:52:56.369395'),
(108, 2, 2, '2021-11-09 19:52:56.369395'),
(106, 2, 1, '2021-11-09 19:52:56.369395'),
(100, 2, 2, '2021-11-09 19:52:56.369395'),
(106, 2, 1, '2021-11-09 19:52:56.369395'),
(100, 2, 1, '2021-11-09 19:52:56.369395'),
(108, 2, 2, '2021-11-09 19:52:56.369395'),
(105, 2, 2, '2021-11-09 19:52:56.369395'),
(102, 2, 2, '2021-11-09 19:52:56.369395'),
(102, 3, 1, '2021-11-09 19:52:56.369395'),
(109, 3, 2, '2021-11-09 19:52:56.369395'),
(102, 3, 1, '2021-11-09 19:52:56.369395'),
(104, 3, 2, '2021-11-09 19:52:56.369395'),
(100, 3, 2, '2021-11-09 19:52:56.369395'),
(108, 3, 2, '2021-11-09 19:52:56.369395'),
(104, 3, 1, '2021-11-09 19:52:56.369395'),
(106, 4, 1, '2021-11-09 19:52:56.369395'),
(108, 4, 2, '2021-11-09 19:52:56.369395'),
(106, 4, 2, '2021-11-09 19:52:56.369395'),
(109, 4, 2, '2021-11-09 19:52:56.369395'),
(100, 4, 1, '2021-11-09 19:52:56.369395'),
(104, 4, 2, '2021-11-09 19:52:56.369395'),
(103, 5, 2, '2021-11-09 19:52:56.369395'),
(106, 5, 1, '2021-11-09 19:52:56.369395'),
(100, 5, 1, '2021-11-09 19:52:56.369395'),
(105, 5, 2, '2021-11-09 19:52:56.369395'),
(106, 5, 1, '2021-11-09 19:52:56.369395'),
(106, 5, 1, '2021-11-09 19:52:56.369395'),
(107, 6, 2, '2021-11-09 19:52:56.369395'),
(103, 6, 1, '2021-11-09 19:52:56.369395'),
(106, 6, 1, '2021-11-09 19:52:56.369395'),
(104, 6, 2, '2021-11-09 19:52:56.369395'),
(108, 7, 1, '2021-11-09 19:52:56.369395'),
(102, 7, 1, '2021-11-09 19:52:56.369395'),
(102, 7, 2, '2021-11-09 19:52:56.369395'),
(105, 7, 2, '2021-11-09 19:52:56.369395'),
(104, 7, 1, '2021-11-09 19:52:56.369395'),
(101, 7, 1, '2021-11-09 19:52:56.369395'),
(106, 7, 1, '2021-11-09 19:52:56.369395'),
(103, 7, 1, '2021-11-09 19:52:56.369395'),
(107, 8, 2, '2021-11-09 19:52:56.369395'),
(104, 8, 1, '2021-11-09 19:52:56.369395'),
(103, 8, 2, '2021-11-09 19:52:56.369395'),
(102, 8, 2, '2021-11-09 19:52:56.369395'),
(101, 1, 1, '2021-11-10 19:52:56.369395'),
(107, 1, 2, '2021-11-10 19:52:56.369395'),
(109, 1, 2, '2021-11-10 19:52:56.369395'),
(109, 1, 1, '2021-11-10 19:52:56.369395'),
(101, 1, 1, '2021-11-10 19:52:56.369395'),
(105, 1, 2, '2021-11-10 19:52:56.369395'),
(101, 1, 2, '2021-11-10 19:52:56.369395'),
(100, 2, 1, '2021-11-10 19:52:56.369395'),
(104, 2, 2, '2021-11-10 19:52:56.369395'),
(100, 2, 1, '2021-11-10 19:52:56.369395'),
(107, 2, 2, '2021-11-10 19:52:56.369395'),
(100, 2, 1, '2021-11-10 19:52:56.369395'),
(106, 2, 2, '2021-11-10 19:52:56.369395'),
(105, 2, 1, '2021-11-10 19:52:56.369395'),
(104, 2, 2, '2021-11-10 19:52:56.369395'),
(103, 3, 2, '2021-11-10 19:52:56.369395'),
(101, 3, 2, '2021-11-10 19:52:56.369395'),
(100, 3, 2, '2021-11-10 19:52:56.369395'),
(103, 3, 1, '2021-11-10 19:52:56.369395'),
(103, 3, 1, '2021-11-10 19:52:56.369395'),
(109, 4, 1, '2021-11-10 19:52:56.369395'),
(100, 4, 2, '2021-11-10 19:52:56.369395'),
(108, 4, 2, '2021-11-10 19:52:56.369395'),
(103, 4, 1, '2021-11-10 19:52:56.369395'),
(101, 4, 2, '2021-11-10 19:52:56.369395'),
(100, 4, 1, '2021-11-10 19:52:56.369395'),
(102, 4, 1, '2021-11-10 19:52:56.369395'),
(102, 5, 2, '2021-11-10 19:52:56.369395'),
(101, 5, 2, '2021-11-10 19:52:56.369395'),
(100, 5, 1, '2021-11-10 19:52:56.369395'),
(101, 5, 1, '2021-11-10 19:52:56.369395'),
(109, 5, 1, '2021-11-10 19:52:56.369395'),
(101, 5, 2, '2021-11-10 19:52:56.369395'),
(109, 5, 2, '2021-11-10 19:52:56.369395'),
(101, 6, 2, '2021-11-10 19:52:56.369395'),
(107, 6, 2, '2021-11-10 19:52:56.369395'),
(109, 6, 2, '2021-11-10 19:52:56.369395'),
(106, 6, 2, '2021-11-10 19:52:56.369395'),
(106, 7, 2, '2021-11-10 19:52:56.369395'),
(103, 7, 2, '2021-11-10 19:52:56.369395'),
(102, 7, 1, '2021-11-10 19:52:56.369395'),
(105, 8, 1, '2021-11-10 19:52:56.369395'),
(105, 8, 2, '2021-11-10 19:52:56.369395'),
(101, 8, 2, '2021-11-10 19:52:56.369395'),
(108, 8, 2, '2021-11-10 19:52:56.369395'),
(105, 8, 1, '2021-11-10 19:52:56.369395'),
(106, 8, 2, '2021-11-10 19:52:56.369395'),
(103, 8, 2, '2021-11-10 19:52:56.369395'),
(109, 1, 2, '2021-11-11 19:52:56.370390'),
(101, 1, 1, '2021-11-11 19:52:56.370390'),
(108, 1, 1, '2021-11-11 19:52:56.370390'),
(103, 1, 1, '2021-11-11 19:52:56.370390'),
(109, 1, 2, '2021-11-11 19:52:56.370390'),
(106, 1, 2, '2021-11-11 19:52:56.370390'),
(107, 2, 2, '2021-11-11 19:52:56.370390'),
(109, 2, 2, '2021-11-11 19:52:56.370390'),
(107, 2, 1, '2021-11-11 19:52:56.370390'),
(107, 2, 1, '2021-11-11 19:52:56.370390'),
(104, 2, 2, '2021-11-11 19:52:56.370390'),
(107, 2, 2, '2021-11-11 19:52:56.370390'),
(105, 2, 2, '2021-11-11 19:52:56.370390'),
(107, 2, 1, '2021-11-11 19:52:56.370390'),
(101, 2, 2, '2021-11-11 19:52:56.370390'),
(108, 3, 2, '2021-11-11 19:52:56.370390'),
(101, 3, 1, '2021-11-11 19:52:56.370390'),
(101, 3, 2, '2021-11-11 19:52:56.370390'),
(106, 3, 2, '2021-11-11 19:52:56.370390'),
(105, 3, 2, '2021-11-11 19:52:56.370390'),
(107, 3, 1, '2021-11-11 19:52:56.370390'),
(107, 3, 1, '2021-11-11 19:52:56.370390'),
(107, 3, 2, '2021-11-11 19:52:56.370390'),
(104, 3, 2, '2021-11-11 19:52:56.370390'),
(103, 4, 2, '2021-11-11 19:52:56.370390'),
(107, 4, 2, '2021-11-11 19:52:56.370390'),
(100, 4, 1, '2021-11-11 19:52:56.370390'),
(107, 4, 1, '2021-11-11 19:52:56.370390'),
(104, 4, 1, '2021-11-11 19:52:56.370390'),
(103, 4, 1, '2021-11-11 19:52:56.370390'),
(106, 4, 1, '2021-11-11 19:52:56.370390'),
(108, 5, 2, '2021-11-11 19:52:56.370390'),
(104, 5, 2, '2021-11-11 19:52:56.370390'),
(103, 5, 1, '2021-11-11 19:52:56.370390'),
(104, 5, 2, '2021-11-11 19:52:56.370390'),
(106, 6, 1, '2021-11-11 19:52:56.370390'),
(109, 6, 2, '2021-11-11 19:52:56.370390'),
(105, 6, 1, '2021-11-11 19:52:56.370390'),
(109, 6, 1, '2021-11-11 19:52:56.370390'),
(102, 6, 2, '2021-11-11 19:52:56.370390'),
(107, 6, 1, '2021-11-11 19:52:56.370390'),
(107, 6, 2, '2021-11-11 19:52:56.370390'),
(107, 6, 2, '2021-11-11 19:52:56.370390'),
(108, 6, 1, '2021-11-11 19:52:56.370390'),
(107, 6, 2, '2021-11-11 19:52:56.370390'),
(108, 7, 1, '2021-11-11 19:52:56.370390'),
(108, 7, 1, '2021-11-11 19:52:56.370390'),
(109, 7, 1, '2021-11-11 19:52:56.370390'),
(102, 7, 1, '2021-11-11 19:52:56.370390'),
(105, 7, 1, '2021-11-11 19:52:56.370390'),
(101, 7, 1, '2021-11-11 19:52:56.370390'),
(100, 7, 1, '2021-11-11 19:52:56.370390'),
(107, 7, 1, '2021-11-11 19:52:56.370390'),
(105, 7, 1, '2021-11-11 19:52:56.370390'),
(103, 7, 1, '2021-11-11 19:52:56.370390'),
(104, 7, 2, '2021-11-11 19:52:56.370390'),
(101, 8, 2, '2021-11-11 19:52:56.370390'),
(107, 8, 2, '2021-11-11 19:52:56.370390'),
(100, 8, 1, '2021-11-11 19:52:56.370390'),
(102, 8, 2, '2021-11-11 19:52:56.370390'),
(103, 8, 1, '2021-11-11 19:52:56.370390'),
(106, 8, 1, '2021-11-11 19:52:56.370390'),
(101, 8, 1, '2021-11-11 19:52:56.370390'),
(104, 1, 2, '2021-11-12 19:52:56.371392'),
(103, 1, 1, '2021-11-12 19:52:56.371392'),
(104, 1, 2, '2021-11-12 19:52:56.371392'),
(106, 2, 2, '2021-11-12 19:52:56.371392'),
(106, 2, 1, '2021-11-12 19:52:56.371392'),
(105, 2, 1, '2021-11-12 19:52:56.371392'),
(106, 2, 1, '2021-11-12 19:52:56.371392'),
(106, 2, 2, '2021-11-12 19:52:56.371392'),
(103, 2, 2, '2021-11-12 19:52:56.371392'),
(102, 3, 2, '2021-11-12 19:52:56.371392'),
(104, 3, 1, '2021-11-12 19:52:56.371392'),
(108, 3, 2, '2021-11-12 19:52:56.371392'),
(106, 3, 1, '2021-11-12 19:52:56.371392'),
(103, 3, 1, '2021-11-12 19:52:56.371392'),
(102, 4, 2, '2021-11-12 19:52:56.371392'),
(109, 4, 1, '2021-11-12 19:52:56.371392'),
(101, 4, 1, '2021-11-12 19:52:56.371392'),
(106, 4, 2, '2021-11-12 19:52:56.371392'),
(103, 5, 2, '2021-11-12 19:52:56.371392'),
(105, 5, 1, '2021-11-12 19:52:56.371392'),
(107, 5, 1, '2021-11-12 19:52:56.371392'),
(108, 5, 2, '2021-11-12 19:52:56.371392'),
(109, 5, 1, '2021-11-12 19:52:56.371392'),
(100, 5, 1, '2021-11-12 19:52:56.371392'),
(102, 5, 1, '2021-11-12 19:52:56.371392'),
(103, 6, 1, '2021-11-12 19:52:56.371392'),
(106, 6, 2, '2021-11-12 19:52:56.371392'),
(102, 6, 2, '2021-11-12 19:52:56.371392'),
(101, 6, 2, '2021-11-12 19:52:56.371392'),
(105, 7, 1, '2021-11-12 19:52:56.371392'),
(104, 7, 1, '2021-11-12 19:52:56.371392'),
(102, 7, 1, '2021-11-12 19:52:56.371392'),
(109, 7, 2, '2021-11-12 19:52:56.371392'),
(100, 7, 2, '2021-11-12 19:52:56.371392'),
(103, 7, 1, '2021-11-12 19:52:56.371392'),
(109, 8, 2, '2021-11-12 19:52:56.371392'),
(109, 8, 1, '2021-11-12 19:52:56.371392'),
(106, 8, 2, '2021-11-12 19:52:56.371392'),
(107, 8, 2, '2021-11-12 19:52:56.371392'),
(106, 8, 1, '2021-11-12 19:52:56.371392'),
(102, 8, 2, '2021-11-12 19:52:56.371392'),
(109, 8, 1, '2021-11-12 19:52:56.371392'),
(103, 1, 1, '2021-11-13 19:52:56.371392'),
(108, 1, 2, '2021-11-13 19:52:56.371392'),
(100, 1, 1, '2021-11-13 19:52:56.371392'),
(105, 1, 1, '2021-11-13 19:52:56.371392'),
(109, 1, 1, '2021-11-13 19:52:56.371392'),
(100, 1, 1, '2021-11-13 19:52:56.371392'),
(101, 1, 1, '2021-11-13 19:52:56.371392'),
(106, 1, 1, '2021-11-13 19:52:56.371392'),
(107, 1, 1, '2021-11-13 19:52:56.371392'),
(101, 1, 1, '2021-11-13 19:52:56.371392'),
(105, 1, 1, '2021-11-13 19:52:56.371392'),
(101, 1, 2, '2021-11-13 19:52:56.371392'),
(102, 2, 2, '2021-11-13 19:52:56.371392'),
(105, 2, 1, '2021-11-13 19:52:56.371392'),
(108, 2, 2, '2021-11-13 19:52:56.371392'),
(101, 2, 1, '2021-11-13 19:52:56.371392'),
(103, 2, 1, '2021-11-13 19:52:56.371392'),
(106, 2, 2, '2021-11-13 19:52:56.371392'),
(109, 2, 2, '2021-11-13 19:52:56.371392'),
(107, 3, 2, '2021-11-13 19:52:56.371392'),
(109, 3, 2, '2021-11-13 19:52:56.371392'),
(106, 3, 1, '2021-11-13 19:52:56.371392'),
(102, 3, 1, '2021-11-13 19:52:56.371392'),
(106, 3, 2, '2021-11-13 19:52:56.371392'),
(107, 3, 2, '2021-11-13 19:52:56.371392'),
(101, 3, 1, '2021-11-13 19:52:56.371392'),
(104, 3, 1, '2021-11-13 19:52:56.371392'),
(101, 4, 2, '2021-11-13 19:52:56.371392'),
(106, 4, 1, '2021-11-13 19:52:56.371392'),
(102, 4, 2, '2021-11-13 19:52:56.371392'),
(103, 4, 1, '2021-11-13 19:52:56.371392'),
(107, 4, 1, '2021-11-13 19:52:56.371392'),
(106, 4, 1, '2021-11-13 19:52:56.371392'),
(106, 4, 1, '2021-11-13 19:52:56.371392'),
(103, 5, 1, '2021-11-13 19:52:56.371392'),
(103, 5, 2, '2021-11-13 19:52:56.371392'),
(107, 5, 1, '2021-11-13 19:52:56.371392'),
(106, 5, 2, '2021-11-13 19:52:56.371392'),
(106, 6, 2, '2021-11-13 19:52:56.371392'),
(101, 6, 2, '2021-11-13 19:52:56.371392'),
(109, 6, 1, '2021-11-13 19:52:56.371392'),
(101, 6, 2, '2021-11-13 19:52:56.371392'),
(102, 7, 2, '2021-11-13 19:52:56.371392'),
(104, 7, 2, '2021-11-13 19:52:56.371392'),
(105, 8, 2, '2021-11-13 19:52:56.371392'),
(103, 8, 2, '2021-11-13 19:52:56.371392'),
(102, 8, 1, '2021-11-13 19:52:56.371392'),
(107, 8, 1, '2021-11-13 19:52:56.371392'),
(101, 8, 2, '2021-11-13 19:52:56.371392'),
(100, 8, 2, '2021-11-13 19:52:56.371392'),
(108, 1, 2, '2021-11-14 19:52:56.372389'),
(103, 1, 1, '2021-11-14 19:52:56.372389'),
(109, 1, 1, '2021-11-14 19:52:56.372389'),
(108, 1, 2, '2021-11-14 19:52:56.372389'),
(109, 1, 1, '2021-11-14 19:52:56.372389'),
(102, 1, 2, '2021-11-14 19:52:56.372389'),
(101, 1, 2, '2021-11-14 19:52:56.372389'),
(107, 2, 1, '2021-11-14 19:52:56.372389'),
(100, 2, 1, '2021-11-14 19:52:56.372389'),
(106, 2, 2, '2021-11-14 19:52:56.372389'),
(103, 2, 1, '2021-11-14 19:52:56.372389'),
(102, 2, 2, '2021-11-14 19:52:56.372389'),
(108, 3, 2, '2021-11-14 19:52:56.372389'),
(103, 3, 1, '2021-11-14 19:52:56.372389'),
(108, 3, 2, '2021-11-14 19:52:56.372389'),
(106, 3, 1, '2021-11-14 19:52:56.372389'),
(106, 3, 1, '2021-11-14 19:52:56.372389'),
(104, 3, 1, '2021-11-14 19:52:56.372389'),
(100, 3, 1, '2021-11-14 19:52:56.372389'),
(107, 3, 1, '2021-11-14 19:52:56.372389'),
(108, 3, 2, '2021-11-14 19:52:56.372389'),
(105, 3, 2, '2021-11-14 19:52:56.372389'),
(105, 3, 2, '2021-11-14 19:52:56.372389'),
(105, 3, 1, '2021-11-14 19:52:56.372389'),
(107, 3, 2, '2021-11-14 19:52:56.372389'),
(107, 3, 1, '2021-11-14 19:52:56.372389'),
(105, 4, 2, '2021-11-14 19:52:56.372389'),
(104, 4, 2, '2021-11-14 19:52:56.372389'),
(104, 4, 2, '2021-11-14 19:52:56.372389'),
(109, 5, 2, '2021-11-14 19:52:56.372389'),
(105, 5, 1, '2021-11-14 19:52:56.372389'),
(109, 5, 1, '2021-11-14 19:52:56.372389'),
(100, 5, 1, '2021-11-14 19:52:56.372389'),
(104, 5, 1, '2021-11-14 19:52:56.372389'),
(102, 5, 1, '2021-11-14 19:52:56.372389'),
(102, 5, 2, '2021-11-14 19:52:56.372389'),
(104, 6, 2, '2021-11-14 19:52:56.372389'),
(106, 6, 2, '2021-11-14 19:52:56.372389'),
(102, 7, 1, '2021-11-14 19:52:56.372389'),
(100, 7, 1, '2021-11-14 19:52:56.372389'),
(103, 7, 1, '2021-11-14 19:52:56.372389'),
(101, 7, 2, '2021-11-14 19:52:56.372389'),
(105, 7, 2, '2021-11-14 19:52:56.372389'),
(109, 7, 1, '2021-11-14 19:52:56.372389'),
(103, 7, 2, '2021-11-14 19:52:56.372389'),
(102, 8, 2, '2021-11-14 19:52:56.372389'),
(108, 8, 1, '2021-11-14 19:52:56.372389'),
(104, 8, 1, '2021-11-14 19:52:56.372389'),
(106, 8, 2, '2021-11-14 19:52:56.372389'),
(105, 8, 1, '2021-11-14 19:52:56.372389'),
(100, 8, 2, '2021-11-14 19:52:56.372389'),
(105, 8, 2, '2021-11-14 19:52:56.372389');